,match_id,Season_Year,Team1,Team2,City_Name,Toss_Winner,Toss_Name,Win_Type,match_winner
0,335987.0,2008.0,2.0,1.0,1.0,2.0,1.0,0.0,1.0
1,335988.0,2008.0,4.0,3.0,2.0,3.0,0.0,0.0,3.0
2,335989.0,2008.0,6.0,5.0,3.0,5.0,0.0,1.0,6.0
3,335990.0,2008.0,7.0,2.0,4.0,7.0,0.0,1.0,2.0
4,335991.0,2008.0,1.0,8.0,5.0,8.0,0.0,1.0,1.0
5,335992.0,2008.0,5.0,4.0,6.0,4.0,0.0,1.0,5.0
6,335993.0,2008.0,8.0,6.0,7.0,8.0,0.0,1.0,6.0
7,335994.0,2008.0,3.0,7.0,8.0,7.0,1.0,0.0,3.0
8,335995.0,2008.0,8.0,5.0,7.0,5.0,1.0,1.0,5.0
9,335996.0,2008.0,4.0,7.0,2.0,7.0,1.0,0.0,4.0
10,335997.0,2008.0,2.0,5.0,1.0,5.0,1.0,1.0,5.0
11,335998.0,2008.0,3.0,1.0,8.0,1.0,0.0,1.0,3.0
12,335999.0,2008.0,7.0,8.0,4.0,8.0,1.0,1.0,8.0
13,336000.0,2008.0,4.0,6.0,2.0,6.0,0.0,1.0,4.0
14,336001.0,2008.0,2.0,3.0,1.0,3.0,0.0,0.0,3.0
15,336002.0,2008.0,1.0,7.0,5.0,1.0,0.0,1.0,7.0
16,336003.0,2008.0,6.0,2.0,3.0,2.0,1.0,0.0,6.0
17,336004.0,2008.0,8.0,4.0,7.0,4.0,1.0,1.0,4.0
18,336005.0,2008.0,5.0,1.0,6.0,5.0,0.0,0.0,5.0
19,336006.0,2008.0,3.0,6.0,8.0,3.0,0.0,1.0,6.0
20,336007.0,2008.0,8.0,2.0,7.0,8.0,0.0,1.0,2.0
21,336008.0,2008.0,4.0,1.0,2.0,4.0,0.0,0.0,4.0
22,336009.0,2008.0,7.0,6.0,4.0,6.0,1.0,0.0,7.0
23,336010.0,2008.0,5.0,3.0,6.0,3.0,0.0,1.0,5.0
24,336011.0,2008.0,2.0,4.0,1.0,4.0,1.0,1.0,4.0
25,336012.0,2008.0,3.0,8.0,8.0,8.0,1.0,1.0,8.0
26,336013.0,2008.0,7.0,5.0,4.0,7.0,1.0,1.0,7.0
27,336014.0,2008.0,6.0,3.0,3.0,3.0,1.0,1.0,3.0
28,336015.0,2008.0,1.0,2.0,5.0,1.0,0.0,0.0,1.0
29,336016.0,2008.0,5.0,8.0,6.0,5.0,1.0,1.0,5.0
30,336017.0,2008.0,2.0,7.0,1.0,7.0,1.0,1.0,7.0
31,336018.0,2008.0,3.0,4.0,8.0,4.0,1.0,0.0,3.0
32,336019.0,2008.0,8.0,1.0,7.0,1.0,0.0,0.0,1.0
33,336020.0,2008.0,5.0,6.0,6.0,5.0,1.0,1.0,5.0
34,336021.0,2008.0,4.0,2.0,2.0,2.0,0.0,1.0,4.0
35,336022.0,2008.0,1.0,6.0,5.0,1.0,0.0,0.0,1.0
36,336023.0,2008.0,7.0,3.0,4.0,7.0,1.0,1.0,7.0
37,336024.0,2008.0,4.0,5.0,2.0,5.0,1.0,0.0,4.0
38,336025.0,2008.0,6.0,8.0,3.0,8.0,1.0,0.0,6.0
39,336026.0,2008.0,7.0,1.0,4.0,7.0,1.0,1.0,7.0
40,336027.0,2008.0,6.0,4.0,3.0,6.0,0.0,0.0,4.0
41,336028.0,2008.0,5.0,2.0,6.0,2.0,1.0,0.0,5.0
42,336029.0,2008.0,8.0,7.0,7.0,8.0,1.0,0.0,7.0
43,336030.0,2008.0,1.0,3.0,5.0,1.0,0.0,0.0,3.0
44,336031.0,2008.0,2.0,6.0,1.0,6.0,1.0,1.0,6.0
45,336032.0,2008.0,1.0,5.0,5.0,5.0,1.0,1.0,5.0
46,336033.0,2008.0,7.0,4.0,4.0,7.0,1.0,0.0,4.0
47,336034.0,2008.0,3.0,2.0,8.0,2.0,0.0,0.0,2.0
48,336036.0,2008.0,4.0,8.0,2.0,4.0,1.0,1.0,4.0
49,336037.0,2008.0,6.0,7.0,3.0,6.0,1.0,1.0,6.0
50,336038.0,2008.0,3.0,5.0,8.0,5.0,0.0,0.0,5.0
51,336039.0,2008.0,2.0,8.0,1.0,8.0,1.0,0.0,2.0
52,336040.0,2008.0,1.0,4.0,5.0,4.0,0.0,1.0,1.0
53,336041.0,2008.0,5.0,7.0,6.0,5.0,1.0,1.0,5.0
54,336042.0,2008.0,8.0,3.0,7.0,8.0,0.0,1.0,3.0
55,336043.0,2008.0,6.0,5.0,4.0,6.0,1.0,0.0,5.0
56,336044.0,2008.0,3.0,4.0,4.0,4.0,0.0,1.0,3.0
57,336045.0,2008.0,3.0,5.0,4.0,5.0,1.0,1.0,5.0
58,392186.0,2009.0,3.0,7.0,9.0,3.0,1.0,0.0,7.0
59,392187.0,2009.0,2.0,5.0,9.0,2.0,0.0,0.0,2.0
60,392188.0,2009.0,6.0,4.0,9.0,6.0,1.0,1.0,6.0
61,392189.0,2009.0,8.0,1.0,9.0,1.0,0.0,1.0,8.0
62,392190.0,2009.0,2.0,3.0,10.0,3.0,0.0,0.0,3.0
63,392191.0,2009.0,4.0,1.0,11.0,1.0,1.0,0.0,1.0
64,392193.0,2009.0,2.0,8.0,9.0,8.0,0.0,0.0,8.0
65,392194.0,2009.0,3.0,6.0,11.0,6.0,0.0,0.0,6.0
66,392195.0,2009.0,1.0,5.0,9.0,1.0,1.0,1.0,5.0
67,392196.0,2009.0,2.0,4.0,11.0,2.0,0.0,1.0,4.0
68,392197.0,2009.0,8.0,7.0,11.0,8.0,0.0,0.0,8.0
69,392199.0,2009.0,2.0,6.0,10.0,2.0,0.0,1.0,6.0
70,392200.0,2009.0,4.0,5.0,9.0,4.0,0.0,0.0,4.0
71,392201.0,2009.0,3.0,8.0,11.0,8.0,1.0,1.0,8.0
72,392202.0,2009.0,1.0,7.0,10.0,7.0,0.0,0.0,7.0
73,392203.0,2009.0,6.0,5.0,12.0,6.0,0.0,1.0,5.0
74,392204.0,2009.0,2.0,1.0,11.0,1.0,0.0,1.0,2.0
75,392205.0,2009.0,4.0,7.0,11.0,4.0,0.0,0.0,4.0
76,392206.0,2009.0,8.0,6.0,12.0,6.0,1.0,1.0,6.0
77,392207.0,2009.0,3.0,5.0,12.0,5.0,1.0,0.0,3.0
78,392208.0,2009.0,1.0,7.0,13.0,7.0,0.0,0.0,7.0
79,392209.0,2009.0,2.0,4.0,11.0,2.0,0.0,0.0,2.0
80,392210.0,2009.0,8.0,5.0,10.0,8.0,0.0,1.0,5.0
81,392211.0,2009.0,3.0,6.0,14.0,6.0,1.0,0.0,3.0
82,392212.0,2009.0,4.0,1.0,10.0,1.0,0.0,1.0,4.0
83,392213.0,2009.0,2.0,7.0,14.0,7.0,0.0,1.0,2.0
84,392214.0,2009.0,3.0,8.0,13.0,3.0,0.0,0.0,3.0
85,392215.0,2009.0,4.0,5.0,11.0,4.0,1.0,0.0,5.0
86,392216.0,2009.0,6.0,1.0,11.0,1.0,0.0,1.0,6.0
87,392217.0,2009.0,8.0,7.0,12.0,8.0,0.0,0.0,8.0
88,392218.0,2009.0,2.0,5.0,12.0,5.0,1.0,1.0,5.0
89,392219.0,2009.0,3.0,4.0,12.0,3.0,0.0,0.0,3.0
90,392220.0,2009.0,6.0,7.0,13.0,7.0,0.0,1.0,6.0
91,392221.0,2009.0,8.0,4.0,15.0,4.0,1.0,1.0,4.0
92,392222.0,2009.0,3.0,5.0,15.0,5.0,0.0,1.0,3.0
93,392223.0,2009.0,2.0,7.0,10.0,7.0,0.0,0.0,7.0
94,392224.0,2009.0,6.0,1.0,14.0,6.0,1.0,1.0,6.0
95,392225.0,2009.0,8.0,5.0,15.0,8.0,0.0,0.0,8.0
96,392226.0,2009.0,2.0,1.0,12.0,2.0,1.0,1.0,2.0
97,392227.0,2009.0,4.0,7.0,12.0,4.0,0.0,1.0,7.0
98,392228.0,2009.0,8.0,6.0,11.0,8.0,1.0,0.0,6.0
99,392229.0,2009.0,2.0,3.0,11.0,3.0,0.0,1.0,2.0
100,392230.0,2009.0,7.0,5.0,11.0,5.0,0.0,0.0,5.0
101,392231.0,2009.0,6.0,4.0,16.0,4.0,1.0,1.0,4.0
102,392232.0,2009.0,3.0,7.0,10.0,7.0,0.0,1.0,3.0
103,392233.0,2009.0,8.0,1.0,14.0,8.0,1.0,1.0,8.0
104,392234.0,2009.0,8.0,4.0,14.0,8.0,1.0,0.0,4.0
105,392235.0,2009.0,6.0,5.0,16.0,6.0,0.0,0.0,6.0
106,392236.0,2009.0,3.0,1.0,12.0,3.0,0.0,1.0,1.0
107,392237.0,2009.0,2.0,6.0,14.0,6.0,0.0,1.0,2.0
108,392238.0,2009.0,1.0,5.0,11.0,1.0,1.0,1.0,1.0
109,392239.0,2009.0,3.0,4.0,11.0,3.0,0.0,0.0,3.0
110,392240.0,2009.0,6.0,7.0,12.0,6.0,1.0,1.0,6.0
111,392241.0,2009.0,2.0,8.0,12.0,2.0,0.0,0.0,2.0
112,392242.0,2009.0,6.0,8.0,12.0,8.0,1.0,1.0,8.0
113,392243.0,2009.0,2.0,3.0,14.0,2.0,1.0,1.0,2.0
114,392244.0,2009.0,2.0,8.0,14.0,2.0,1.0,0.0,8.0
115,419111.0,2010.0,8.0,1.0,4.0,8.0,1.0,0.0,1.0
116,419112.0,2010.0,7.0,5.0,4.0,7.0,0.0,0.0,7.0
117,419113.0,2010.0,4.0,6.0,2.0,6.0,1.0,1.0,6.0
118,419114.0,2010.0,1.0,2.0,5.0,1.0,1.0,1.0,1.0
119,419115.0,2010.0,3.0,8.0,8.0,8.0,0.0,0.0,8.0
120,419116.0,2010.0,5.0,6.0,17.0,6.0,1.0,1.0,6.0
121,419117.0,2010.0,2.0,4.0,1.0,4.0,0.0,1.0,2.0
122,419118.0,2010.0,1.0,3.0,5.0,3.0,0.0,0.0,3.0
123,419119.0,2010.0,6.0,7.0,3.0,6.0,1.0,0.0,7.0
124,419120.0,2010.0,2.0,5.0,1.0,2.0,1.0,1.0,2.0
125,419121.0,2010.0,6.0,3.0,3.0,6.0,0.0,1.0,3.0
126,419122.0,2010.0,8.0,4.0,18.0,4.0,1.0,0.0,8.0
127,419123.0,2010.0,5.0,1.0,17.0,5.0,0.0,0.0,5.0
128,419124.0,2010.0,7.0,2.0,4.0,7.0,0.0,1.0,2.0
129,419125.0,2010.0,8.0,6.0,18.0,8.0,0.0,0.0,8.0
130,419126.0,2010.0,3.0,4.0,8.0,3.0,1.0,1.0,4.0
131,419127.0,2010.0,7.0,1.0,4.0,1.0,0.0,1.0,7.0
132,419128.0,2010.0,2.0,3.0,1.0,3.0,1.0,0.0,2.0
133,419129.0,2010.0,4.0,5.0,2.0,4.0,1.0,0.0,5.0
134,419130.0,2010.0,7.0,3.0,4.0,7.0,1.0,1.0,7.0
135,419131.0,2010.0,5.0,8.0,17.0,8.0,0.0,1.0,5.0
136,419132.0,2010.0,4.0,1.0,2.0,1.0,0.0,0.0,1.0
137,419133.0,2010.0,2.0,6.0,1.0,2.0,1.0,0.0,6.0
138,419134.0,2010.0,5.0,3.0,17.0,5.0,0.0,0.0,5.0
139,419135.0,2010.0,8.0,7.0,4.0,8.0,1.0,0.0,7.0
140,419136.0,2010.0,6.0,1.0,3.0,6.0,0.0,0.0,6.0
141,419137.0,2010.0,7.0,4.0,4.0,7.0,1.0,1.0,7.0
142,419138.0,2010.0,3.0,2.0,8.0,2.0,0.0,1.0,3.0
143,419139.0,2010.0,6.0,5.0,3.0,6.0,0.0,0.0,6.0
144,419140.0,2010.0,1.0,8.0,5.0,1.0,0.0,0.0,1.0
145,419141.0,2010.0,4.0,2.0,2.0,4.0,0.0,1.0,2.0
146,419142.0,2010.0,3.0,5.0,8.0,3.0,0.0,0.0,3.0
147,419143.0,2010.0,7.0,8.0,4.0,7.0,0.0,0.0,7.0
148,419144.0,2010.0,1.0,4.0,5.0,1.0,0.0,1.0,4.0
149,419145.0,2010.0,6.0,2.0,3.0,6.0,0.0,0.0,6.0
150,419146.0,2010.0,8.0,5.0,19.0,5.0,0.0,0.0,5.0
151,419147.0,2010.0,3.0,7.0,8.0,3.0,0.0,0.0,3.0
152,419148.0,2010.0,5.0,4.0,6.0,4.0,0.0,1.0,5.0
153,419149.0,2010.0,1.0,6.0,5.0,1.0,0.0,0.0,1.0
154,419150.0,2010.0,2.0,8.0,1.0,8.0,1.0,1.0,8.0
155,419151.0,2010.0,4.0,7.0,2.0,7.0,0.0,1.0,4.0
156,419152.0,2010.0,8.0,3.0,19.0,3.0,0.0,1.0,8.0
157,419153.0,2010.0,2.0,1.0,1.0,2.0,1.0,1.0,2.0
158,419154.0,2010.0,6.0,4.0,3.0,6.0,0.0,1.0,4.0
159,419155.0,2010.0,5.0,7.0,6.0,5.0,1.0,0.0,7.0
160,419156.0,2010.0,8.0,2.0,19.0,2.0,1.0,0.0,8.0
161,419157.0,2010.0,7.0,6.0,4.0,7.0,0.0,0.0,7.0
162,419158.0,2010.0,3.0,1.0,8.0,1.0,0.0,1.0,3.0
163,419159.0,2010.0,5.0,2.0,6.0,5.0,0.0,1.0,2.0
164,419160.0,2010.0,3.0,6.0,8.0,3.0,0.0,1.0,6.0
165,419161.0,2010.0,4.0,8.0,20.0,8.0,1.0,1.0,8.0
166,419162.0,2010.0,2.0,7.0,1.0,2.0,1.0,0.0,7.0
167,419163.0,2010.0,1.0,5.0,5.0,5.0,0.0,1.0,1.0
168,419164.0,2010.0,4.0,3.0,20.0,3.0,1.0,1.0,3.0
169,419165.0,2010.0,6.0,8.0,3.0,8.0,0.0,0.0,8.0
170,419166.0,2010.0,1.0,7.0,5.0,7.0,0.0,1.0,1.0
171,419167.0,2010.0,2.0,7.0,4.0,7.0,0.0,0.0,7.0
172,419168.0,2010.0,3.0,8.0,4.0,3.0,0.0,0.0,3.0
173,419169.0,2010.0,2.0,8.0,4.0,8.0,0.0,1.0,2.0
174,419170.0,2010.0,3.0,7.0,4.0,3.0,0.0,0.0,3.0
175,501203.0,2011.0,3.0,1.0,8.0,3.0,0.0,0.0,3.0
176,501204.0,2011.0,8.0,5.0,7.0,5.0,1.0,1.0,5.0
177,501205.0,2011.0,9.0,2.0,21.0,9.0,0.0,1.0,2.0
178,501206.0,2011.0,6.0,7.0,3.0,6.0,0.0,1.0,7.0
179,501207.0,2011.0,10.0,4.0,4.0,4.0,0.0,1.0,10.0
180,501208.0,2011.0,1.0,8.0,5.0,1.0,0.0,0.0,1.0
181,501209.0,2011.0,5.0,6.0,6.0,6.0,0.0,1.0,5.0
182,501210.0,2011.0,2.0,7.0,1.0,7.0,1.0,1.0,7.0
183,501211.0,2011.0,4.0,3.0,2.0,4.0,1.0,1.0,4.0
184,501212.0,2011.0,10.0,9.0,4.0,9.0,0.0,1.0,10.0
185,501213.0,2011.0,8.0,2.0,7.0,2.0,1.0,0.0,8.0
186,501214.0,2011.0,5.0,1.0,6.0,1.0,1.0,1.0,1.0
187,501215.0,2011.0,7.0,9.0,4.0,9.0,1.0,1.0,9.0
188,501216.0,2011.0,3.0,2.0,8.0,3.0,0.0,0.0,3.0
189,501217.0,2011.0,8.0,4.0,7.0,4.0,1.0,1.0,4.0
190,501218.0,2011.0,10.0,6.0,4.0,6.0,1.0,1.0,6.0
191,501219.0,2011.0,1.0,5.0,5.0,1.0,1.0,1.0,1.0
192,501220.0,2011.0,9.0,3.0,21.0,9.0,1.0,1.0,9.0
193,501221.0,2011.0,6.0,8.0,3.0,8.0,0.0,0.0,8.0
194,501223.0,2011.0,7.0,10.0,4.0,10.0,0.0,1.0,7.0
195,501224.0,2011.0,1.0,9.0,5.0,1.0,1.0,0.0,9.0
196,501225.0,2011.0,4.0,5.0,2.0,5.0,1.0,0.0,4.0
197,501226.0,2011.0,7.0,3.0,4.0,3.0,1.0,0.0,7.0
198,501227.0,2011.0,1.0,2.0,5.0,2.0,1.0,1.0,2.0
199,501228.0,2011.0,6.0,4.0,3.0,4.0,1.0,0.0,6.0
200,501229.0,2011.0,8.0,7.0,7.0,8.0,1.0,0.0,7.0
201,501230.0,2011.0,5.0,9.0,6.0,5.0,1.0,1.0,5.0
202,501231.0,2011.0,3.0,10.0,8.0,10.0,1.0,0.0,3.0
203,501232.0,2011.0,6.0,2.0,3.0,2.0,1.0,1.0,2.0
204,501233.0,2011.0,10.0,3.0,4.0,10.0,0.0,1.0,3.0
205,501234.0,2011.0,9.0,8.0,21.0,9.0,1.0,0.0,8.0
206,501235.0,2011.0,6.0,1.0,3.0,6.0,1.0,0.0,1.0
207,501236.0,2011.0,5.0,7.0,6.0,5.0,1.0,1.0,5.0
208,501237.0,2011.0,2.0,10.0,1.0,10.0,1.0,0.0,2.0
209,501238.0,2011.0,9.0,6.0,21.0,6.0,0.0,0.0,6.0
210,501239.0,2011.0,1.0,4.0,5.0,1.0,1.0,1.0,1.0
211,501240.0,2011.0,5.0,10.0,6.0,5.0,1.0,1.0,5.0
212,501241.0,2011.0,3.0,8.0,8.0,3.0,0.0,0.0,3.0
213,501242.0,2011.0,7.0,4.0,4.0,4.0,1.0,0.0,7.0
214,501243.0,2011.0,6.0,9.0,3.0,9.0,1.0,1.0,9.0
215,501244.0,2011.0,8.0,1.0,7.0,8.0,1.0,0.0,1.0
216,501245.0,2011.0,3.0,5.0,8.0,5.0,0.0,1.0,3.0
217,501246.0,2011.0,10.0,7.0,4.0,10.0,1.0,0.0,7.0
218,501247.0,2011.0,9.0,1.0,21.0,1.0,1.0,0.0,9.0
219,501248.0,2011.0,8.0,6.0,7.0,6.0,1.0,1.0,6.0
220,501249.0,2011.0,2.0,4.0,1.0,4.0,1.0,0.0,2.0
221,501250.0,2011.0,1.0,3.0,5.0,3.0,0.0,0.0,1.0
222,501251.0,2011.0,7.0,6.0,4.0,6.0,1.0,0.0,7.0
223,501252.0,2011.0,2.0,9.0,1.0,9.0,0.0,1.0,2.0
224,501253.0,2011.0,4.0,10.0,2.0,4.0,0.0,1.0,10.0
225,501254.0,2011.0,5.0,3.0,6.0,5.0,1.0,0.0,3.0
226,501255.0,2011.0,8.0,10.0,7.0,8.0,0.0,1.0,10.0
227,501256.0,2011.0,4.0,7.0,2.0,7.0,1.0,0.0,4.0
228,501257.0,2011.0,5.0,2.0,6.0,2.0,1.0,1.0,2.0
229,501258.0,2011.0,3.0,6.0,8.0,3.0,0.0,0.0,3.0
230,501259.0,2011.0,9.0,4.0,22.0,4.0,1.0,1.0,4.0
231,501260.0,2011.0,2.0,1.0,1.0,2.0,1.0,1.0,2.0
232,501261.0,2011.0,7.0,8.0,4.0,8.0,0.0,0.0,8.0
233,501262.0,2011.0,4.0,6.0,20.0,6.0,1.0,0.0,4.0
234,501263.0,2011.0,9.0,5.0,22.0,9.0,1.0,1.0,9.0
235,501264.0,2011.0,10.0,8.0,4.0,8.0,1.0,1.0,8.0
236,501265.0,2011.0,4.0,2.0,20.0,4.0,0.0,0.0,4.0
237,501266.0,2011.0,3.0,9.0,8.0,3.0,0.0,0.0,3.0
238,501267.0,2011.0,10.0,1.0,4.0,1.0,1.0,1.0,1.0
239,501268.0,2011.0,7.0,5.0,4.0,7.0,0.0,1.0,5.0
240,501269.0,2011.0,4.0,8.0,20.0,4.0,1.0,0.0,8.0
241,501270.0,2011.0,6.0,10.0,3.0,6.0,0.0,1.0,0.0
242,501271.0,2011.0,2.0,3.0,1.0,2.0,1.0,1.0,2.0
243,501272.0,2011.0,1.0,7.0,5.0,7.0,1.0,1.0,7.0
244,501273.0,2011.0,2.0,3.0,4.0,3.0,1.0,1.0,3.0
245,501274.0,2011.0,7.0,1.0,4.0,7.0,1.0,1.0,7.0
246,501275.0,2011.0,2.0,7.0,8.0,7.0,1.0,0.0,2.0
247,501276.0,2011.0,3.0,2.0,8.0,3.0,0.0,0.0,3.0
248,548311.0,2012.0,3.0,7.0,8.0,7.0,1.0,1.0,7.0
249,548312.0,2012.0,1.0,6.0,5.0,6.0,1.0,1.0,6.0
250,548313.0,2012.0,7.0,10.0,4.0,7.0,1.0,0.0,10.0
251,548314.0,2012.0,5.0,4.0,6.0,4.0,1.0,0.0,5.0
252,548315.0,2012.0,2.0,6.0,1.0,6.0,1.0,0.0,2.0
253,548316.0,2012.0,8.0,3.0,23.0,8.0,1.0,0.0,3.0
254,548317.0,2012.0,5.0,1.0,6.0,1.0,1.0,0.0,5.0
255,548318.0,2012.0,10.0,4.0,24.0,10.0,0.0,0.0,10.0
256,548319.0,2012.0,8.0,7.0,23.0,8.0,0.0,1.0,7.0
257,548320.0,2012.0,2.0,1.0,1.0,2.0,1.0,0.0,1.0
258,548321.0,2012.0,6.0,3.0,3.0,6.0,1.0,1.0,6.0
259,548322.0,2012.0,7.0,5.0,4.0,5.0,1.0,0.0,7.0
260,548323.0,2012.0,3.0,2.0,8.0,2.0,0.0,1.0,3.0
261,548324.0,2012.0,4.0,10.0,2.0,4.0,1.0,1.0,4.0
262,548325.0,2012.0,1.0,5.0,5.0,5.0,0.0,1.0,1.0
263,548326.0,2012.0,6.0,8.0,3.0,8.0,0.0,1.0,6.0
264,548327.0,2012.0,10.0,3.0,24.0,3.0,0.0,1.0,10.0
265,548328.0,2012.0,1.0,4.0,5.0,1.0,1.0,0.0,4.0
266,548329.0,2012.0,2.0,5.0,1.0,5.0,0.0,0.0,5.0
267,548330.0,2012.0,7.0,6.0,4.0,6.0,1.0,1.0,6.0
268,548331.0,2012.0,5.0,8.0,6.0,8.0,0.0,1.0,5.0
269,548332.0,2012.0,2.0,10.0,1.0,10.0,0.0,1.0,2.0
270,548333.0,2012.0,4.0,1.0,2.0,4.0,0.0,1.0,1.0
271,548334.0,2012.0,8.0,6.0,7.0,8.0,0.0,1.0,6.0
272,548335.0,2012.0,3.0,10.0,8.0,10.0,1.0,0.0,3.0
273,548336.0,2012.0,4.0,2.0,2.0,2.0,1.0,1.0,2.0
274,548337.0,2012.0,3.0,5.0,8.0,5.0,0.0,1.0,3.0
275,548338.0,2012.0,6.0,10.0,3.0,6.0,1.0,0.0,10.0
276,548339.0,2012.0,7.0,4.0,4.0,7.0,0.0,1.0,4.0
277,548340.0,2012.0,8.0,1.0,18.0,1.0,1.0,1.0,1.0
278,548341.0,2012.0,5.0,2.0,6.0,5.0,1.0,0.0,2.0
279,548342.0,2012.0,10.0,6.0,24.0,10.0,0.0,1.0,6.0
280,548344.0,2012.0,4.0,7.0,2.0,4.0,0.0,1.0,7.0
281,548346.0,2012.0,10.0,8.0,24.0,8.0,0.0,0.0,8.0
282,548347.0,2012.0,6.0,7.0,3.0,7.0,1.0,0.0,6.0
283,548348.0,2012.0,3.0,4.0,8.0,4.0,0.0,0.0,4.0
284,548349.0,2012.0,1.0,2.0,5.0,1.0,0.0,0.0,1.0
285,548350.0,2012.0,6.0,5.0,3.0,6.0,0.0,0.0,6.0
286,548351.0,2012.0,7.0,8.0,4.0,7.0,1.0,1.0,7.0
287,548352.0,2012.0,3.0,1.0,8.0,3.0,0.0,1.0,1.0
288,548353.0,2012.0,8.0,10.0,18.0,8.0,0.0,0.0,8.0
289,548354.0,2012.0,5.0,6.0,6.0,5.0,0.0,1.0,6.0
290,548355.0,2012.0,2.0,4.0,1.0,4.0,1.0,1.0,4.0
291,548356.0,2012.0,10.0,7.0,24.0,7.0,0.0,0.0,7.0
292,548357.0,2012.0,3.0,8.0,8.0,3.0,0.0,0.0,3.0
293,548358.0,2012.0,1.0,10.0,5.0,1.0,0.0,0.0,1.0
294,548359.0,2012.0,4.0,5.0,2.0,5.0,0.0,0.0,5.0
295,548360.0,2012.0,7.0,3.0,4.0,7.0,1.0,1.0,7.0
296,548361.0,2012.0,2.0,8.0,1.0,2.0,1.0,1.0,2.0
297,548362.0,2012.0,6.0,1.0,3.0,6.0,0.0,1.0,1.0
298,548363.0,2012.0,10.0,5.0,24.0,10.0,0.0,1.0,5.0
299,548364.0,2012.0,8.0,4.0,7.0,8.0,1.0,0.0,4.0
300,548365.0,2012.0,7.0,2.0,4.0,2.0,1.0,1.0,2.0
301,548366.0,2012.0,5.0,3.0,6.0,3.0,1.0,1.0,3.0
302,548367.0,2012.0,10.0,2.0,24.0,10.0,1.0,0.0,2.0
303,548368.0,2012.0,1.0,7.0,5.0,7.0,0.0,0.0,7.0
304,548369.0,2012.0,3.0,6.0,8.0,3.0,1.0,1.0,3.0
305,548370.0,2012.0,5.0,10.0,6.0,5.0,0.0,0.0,5.0
306,548371.0,2012.0,4.0,8.0,2.0,8.0,0.0,1.0,4.0
307,548372.0,2012.0,2.0,7.0,1.0,7.0,1.0,1.0,7.0
308,548373.0,2012.0,1.0,3.0,5.0,3.0,1.0,1.0,3.0
309,548374.0,2012.0,6.0,4.0,3.0,4.0,0.0,1.0,6.0
310,548375.0,2012.0,7.0,1.0,4.0,7.0,1.0,0.0,1.0
311,548376.0,2012.0,4.0,3.0,20.0,4.0,1.0,1.0,4.0
312,548377.0,2012.0,6.0,2.0,3.0,6.0,1.0,0.0,2.0
313,548378.0,2012.0,8.0,5.0,7.0,5.0,0.0,1.0,8.0
314,548379.0,2012.0,4.0,6.0,20.0,6.0,1.0,1.0,6.0
315,548380.0,2012.0,10.0,1.0,24.0,1.0,0.0,0.0,1.0
316,548381.0,2012.0,8.0,2.0,7.0,2.0,1.0,0.0,8.0
317,548382.0,2012.0,5.0,7.0,6.0,5.0,0.0,1.0,7.0
318,548383.0,2012.0,6.0,1.0,24.0,1.0,0.0,0.0,1.0
319,548384.0,2012.0,3.0,7.0,1.0,7.0,1.0,0.0,3.0
320,548385.0,2012.0,6.0,3.0,8.0,6.0,1.0,0.0,3.0
321,548386.0,2012.0,1.0,3.0,8.0,3.0,0.0,1.0,1.0
322,598003.0,2013.0,1.0,6.0,5.0,1.0,1.0,1.0,1.0
323,598004.0,2013.0,2.0,7.0,1.0,7.0,1.0,0.0,2.0
324,598005.0,2013.0,11.0,10.0,7.0,10.0,1.0,0.0,11.0
325,598006.0,2013.0,6.0,5.0,3.0,5.0,0.0,0.0,5.0
326,598007.0,2013.0,3.0,7.0,8.0,7.0,0.0,0.0,7.0
327,598008.0,2013.0,10.0,4.0,24.0,10.0,0.0,1.0,4.0
328,598009.0,2013.0,11.0,2.0,7.0,2.0,0.0,1.0,11.0
329,598010.0,2013.0,5.0,1.0,6.0,1.0,1.0,0.0,5.0
330,598011.0,2013.0,7.0,6.0,4.0,7.0,0.0,0.0,7.0
331,598012.0,2013.0,4.0,3.0,2.0,3.0,1.0,1.0,3.0
332,598013.0,2013.0,2.0,1.0,1.0,2.0,1.0,1.0,2.0
333,598014.0,2013.0,10.0,5.0,24.0,5.0,0.0,1.0,10.0
334,598015.0,2013.0,6.0,11.0,3.0,6.0,0.0,1.0,11.0
335,598016.0,2013.0,7.0,10.0,4.0,7.0,0.0,0.0,7.0
336,598017.0,2013.0,3.0,2.0,8.0,3.0,1.0,1.0,3.0
337,598018.0,2013.0,1.0,11.0,5.0,1.0,0.0,0.0,1.0
338,598019.0,2013.0,5.0,4.0,6.0,5.0,1.0,1.0,5.0
339,598020.0,2013.0,3.0,10.0,8.0,10.0,0.0,0.0,10.0
340,598021.0,2013.0,4.0,1.0,2.0,1.0,1.0,0.0,4.0
341,598022.0,2013.0,2.0,6.0,1.0,2.0,1.0,1.0,2.0
342,598023.0,2013.0,10.0,11.0,24.0,10.0,1.0,0.0,11.0
343,598024.0,2013.0,5.0,7.0,6.0,5.0,0.0,0.0,5.0
344,598025.0,2013.0,6.0,3.0,3.0,3.0,0.0,0.0,3.0
345,598026.0,2013.0,11.0,4.0,7.0,4.0,0.0,1.0,11.0
346,598027.0,2013.0,1.0,3.0,5.0,1.0,0.0,1.0,3.0
347,598028.0,2013.0,2.0,5.0,1.0,2.0,1.0,1.0,2.0
348,598029.0,2013.0,6.0,7.0,3.0,7.0,0.0,1.0,6.0
349,598030.0,2013.0,4.0,10.0,2.0,4.0,1.0,1.0,4.0
350,598031.0,2013.0,3.0,5.0,8.0,5.0,0.0,1.0,3.0
351,598032.0,2013.0,2.0,10.0,1.0,10.0,1.0,0.0,2.0
352,598033.0,2013.0,4.0,6.0,20.0,6.0,1.0,0.0,4.0
353,598034.0,2013.0,1.0,7.0,5.0,1.0,0.0,1.0,7.0
354,598035.0,2013.0,3.0,11.0,8.0,11.0,0.0,1.0,3.0
355,598036.0,2013.0,1.0,4.0,5.0,4.0,0.0,1.0,1.0
356,598037.0,2013.0,5.0,11.0,6.0,11.0,0.0,1.0,5.0
357,598038.0,2013.0,7.0,2.0,4.0,7.0,0.0,0.0,7.0
358,598039.0,2013.0,3.0,1.0,8.0,1.0,1.0,0.0,3.0
359,598040.0,2013.0,6.0,10.0,25.0,10.0,1.0,0.0,6.0
360,598041.0,2013.0,5.0,2.0,6.0,5.0,1.0,1.0,5.0
361,598042.0,2013.0,7.0,4.0,4.0,7.0,0.0,0.0,7.0
362,598043.0,2013.0,10.0,3.0,24.0,3.0,0.0,0.0,3.0
363,598044.0,2013.0,11.0,7.0,7.0,7.0,0.0,1.0,11.0
364,598045.0,2013.0,6.0,1.0,25.0,1.0,0.0,1.0,6.0
365,598046.0,2013.0,3.0,4.0,8.0,3.0,0.0,0.0,3.0
366,598047.0,2013.0,10.0,2.0,24.0,2.0,0.0,0.0,2.0
367,598048.0,2013.0,1.0,5.0,5.0,5.0,0.0,1.0,1.0
368,598049.0,2013.0,11.0,6.0,7.0,6.0,0.0,1.0,11.0
369,598050.0,2013.0,2.0,4.0,1.0,4.0,1.0,1.0,4.0
370,598051.0,2013.0,7.0,3.0,4.0,7.0,0.0,0.0,7.0
371,598052.0,2013.0,5.0,10.0,6.0,10.0,0.0,1.0,5.0
372,598053.0,2013.0,2.0,11.0,1.0,11.0,0.0,1.0,2.0
373,598054.0,2013.0,5.0,6.0,6.0,6.0,0.0,1.0,5.0
374,598055.0,2013.0,7.0,1.0,4.0,7.0,0.0,0.0,7.0
375,598056.0,2013.0,11.0,3.0,7.0,11.0,1.0,0.0,3.0
376,598057.0,2013.0,4.0,5.0,2.0,5.0,1.0,1.0,5.0
377,598058.0,2013.0,10.0,1.0,24.0,1.0,0.0,0.0,1.0
378,598059.0,2013.0,6.0,2.0,3.0,6.0,1.0,0.0,2.0
379,598060.0,2013.0,10.0,7.0,24.0,10.0,0.0,1.0,7.0
380,598061.0,2013.0,4.0,11.0,2.0,4.0,1.0,0.0,11.0
381,598062.0,2013.0,1.0,2.0,26.0,1.0,1.0,1.0,1.0
382,598063.0,2013.0,5.0,3.0,6.0,5.0,1.0,1.0,5.0
383,598064.0,2013.0,6.0,4.0,3.0,4.0,1.0,1.0,4.0
384,598065.0,2013.0,7.0,11.0,4.0,11.0,0.0,1.0,7.0
385,598066.0,2013.0,1.0,10.0,26.0,1.0,1.0,0.0,10.0
386,598067.0,2013.0,3.0,6.0,8.0,3.0,0.0,0.0,3.0
387,598068.0,2013.0,7.0,5.0,4.0,5.0,1.0,0.0,7.0
388,598069.0,2013.0,4.0,2.0,2.0,4.0,1.0,1.0,4.0
389,598070.0,2013.0,11.0,5.0,7.0,11.0,0.0,0.0,11.0
390,598071.0,2013.0,4.0,7.0,20.0,7.0,1.0,0.0,4.0
391,598072.0,2013.0,10.0,6.0,24.0,10.0,0.0,0.0,10.0
392,598073.0,2013.0,2.0,3.0,1.0,3.0,1.0,0.0,2.0
393,598074.0,2013.0,11.0,1.0,7.0,1.0,0.0,1.0,11.0
394,598075.0,2013.0,3.0,7.0,3.0,3.0,0.0,0.0,3.0
395,598076.0,2013.0,5.0,11.0,3.0,11.0,0.0,1.0,5.0
396,598077.0,2013.0,7.0,5.0,5.0,5.0,0.0,1.0,7.0
397,598078.0,2013.0,3.0,7.0,5.0,7.0,0.0,0.0,7.0
398,729284.0,2014.0,7.0,1.0,27.0,1.0,0.0,0.0,1.0
399,729286.0,2014.0,6.0,2.0,27.0,2.0,1.0,1.0,2.0
400,729288.0,2014.0,3.0,4.0,27.0,3.0,0.0,1.0,4.0
401,729290.0,2014.0,11.0,5.0,27.0,5.0,1.0,1.0,5.0
402,729292.0,2014.0,2.0,7.0,27.0,2.0,1.0,1.0,2.0
403,729294.0,2014.0,1.0,6.0,27.0,1.0,0.0,1.0,6.0
404,729296.0,2014.0,5.0,4.0,27.0,4.0,1.0,1.0,4.0
405,729298.0,2014.0,3.0,6.0,27.0,3.0,0.0,0.0,3.0
406,729300.0,2014.0,4.0,11.0,27.0,11.0,1.0,0.0,4.0
407,729302.0,2014.0,5.0,3.0,27.0,5.0,1.0,0.0,3.0
408,729304.0,2014.0,2.0,1.0,27.0,2.0,1.0,0.0,1.0
409,729306.0,2014.0,11.0,6.0,27.0,11.0,0.0,0.0,11.0
410,729308.0,2014.0,3.0,7.0,27.0,7.0,0.0,1.0,3.0
411,729310.0,2014.0,5.0,2.0,27.0,5.0,1.0,1.0,5.0
412,729312.0,2014.0,1.0,4.0,27.0,1.0,1.0,0.0,4.0
413,729314.0,2014.0,6.0,7.0,27.0,7.0,0.0,1.0,6.0
414,729316.0,2014.0,11.0,3.0,27.0,11.0,0.0,1.0,3.0
415,729318.0,2014.0,4.0,2.0,27.0,4.0,1.0,1.0,4.0
416,729320.0,2014.0,1.0,5.0,27.0,5.0,0.0,1.0,5.0
417,729322.0,2014.0,7.0,11.0,27.0,7.0,1.0,0.0,11.0
418,733976.0,2014.0,3.0,1.0,26.0,3.0,0.0,0.0,3.0
419,733978.0,2014.0,7.0,4.0,4.0,4.0,0.0,1.0,7.0
420,733980.0,2014.0,6.0,5.0,3.0,5.0,1.0,1.0,5.0
421,733982.0,2014.0,2.0,11.0,1.0,2.0,1.0,1.0,2.0
422,733984.0,2014.0,5.0,1.0,17.0,1.0,1.0,0.0,5.0
423,733986.0,2014.0,6.0,3.0,3.0,3.0,1.0,1.0,3.0
424,733988.0,2014.0,7.0,2.0,4.0,2.0,1.0,0.0,7.0
425,733990.0,2014.0,6.0,1.0,3.0,6.0,0.0,1.0,1.0
426,733992.0,2014.0,4.0,3.0,18.0,3.0,1.0,0.0,4.0
427,733994.0,2014.0,5.0,11.0,17.0,5.0,1.0,0.0,11.0
428,733996.0,2014.0,2.0,4.0,1.0,2.0,1.0,0.0,4.0
429,733998.0,2014.0,6.0,11.0,3.0,11.0,1.0,1.0,11.0
430,734000.0,2014.0,7.0,3.0,4.0,3.0,1.0,1.0,3.0
431,734002.0,2014.0,4.0,1.0,18.0,1.0,1.0,1.0,1.0
432,734004.0,2014.0,2.0,5.0,1.0,2.0,0.0,1.0,5.0
433,734006.0,2014.0,11.0,7.0,7.0,11.0,0.0,1.0,7.0
434,734008.0,2014.0,3.0,5.0,26.0,5.0,0.0,1.0,3.0
435,734010.0,2014.0,2.0,6.0,1.0,6.0,1.0,0.0,2.0
436,734012.0,2014.0,11.0,4.0,7.0,4.0,1.0,1.0,4.0
437,734014.0,2014.0,1.0,7.0,18.0,1.0,1.0,1.0,1.0
438,734016.0,2014.0,5.0,6.0,17.0,6.0,1.0,0.0,5.0
439,734018.0,2014.0,3.0,2.0,26.0,3.0,0.0,1.0,2.0
440,734020.0,2014.0,11.0,1.0,7.0,11.0,0.0,1.0,1.0
441,734022.0,2014.0,5.0,7.0,17.0,7.0,0.0,0.0,7.0
442,734024.0,2014.0,6.0,4.0,3.0,4.0,1.0,1.0,4.0
443,734026.0,2014.0,11.0,2.0,7.0,2.0,0.0,1.0,11.0
444,734028.0,2014.0,1.0,3.0,5.0,1.0,1.0,1.0,1.0
445,734030.0,2014.0,4.0,7.0,2.0,7.0,1.0,1.0,7.0
446,734032.0,2014.0,1.0,2.0,5.0,2.0,1.0,0.0,1.0
447,734034.0,2014.0,3.0,11.0,26.0,11.0,1.0,1.0,11.0
448,734036.0,2014.0,7.0,6.0,4.0,6.0,1.0,0.0,7.0
449,734038.0,2014.0,4.0,5.0,2.0,5.0,1.0,0.0,4.0
450,734040.0,2014.0,2.0,3.0,1.0,3.0,1.0,1.0,3.0
451,734042.0,2014.0,1.0,11.0,5.0,1.0,1.0,1.0,1.0
452,734044.0,2014.0,4.0,6.0,2.0,4.0,1.0,1.0,4.0
453,734046.0,2014.0,7.0,5.0,4.0,7.0,1.0,1.0,7.0
454,734048.0,2014.0,4.0,1.0,5.0,4.0,1.0,0.0,1.0
455,734050.0,2014.0,3.0,7.0,4.0,3.0,1.0,1.0,3.0
456,734052.0,2014.0,3.0,4.0,4.0,3.0,1.0,0.0,4.0
457,734054.0,2014.0,1.0,4.0,1.0,1.0,1.0,1.0,1.0
458,829710.0,2015.0,1.0,7.0,5.0,1.0,1.0,1.0,1.0
459,829712.0,2015.0,3.0,6.0,8.0,6.0,1.0,0.0,3.0
460,829714.0,2015.0,4.0,5.0,24.0,4.0,1.0,0.0,5.0
461,829716.0,2015.0,3.0,11.0,8.0,3.0,0.0,0.0,3.0
462,829718.0,2015.0,1.0,2.0,5.0,2.0,1.0,1.0,2.0
463,829720.0,2015.0,6.0,5.0,3.0,5.0,1.0,1.0,5.0
464,829722.0,2015.0,7.0,4.0,4.0,7.0,1.0,0.0,4.0
465,829724.0,2015.0,2.0,11.0,1.0,11.0,1.0,1.0,11.0
466,829726.0,2015.0,5.0,7.0,17.0,7.0,0.0,1.0,5.0
467,829728.0,2015.0,1.0,3.0,5.0,1.0,1.0,1.0,1.0
468,829730.0,2015.0,4.0,6.0,24.0,4.0,0.0,1.0,6.0
469,829732.0,2015.0,11.0,5.0,23.0,5.0,1.0,1.0,5.0
470,829734.0,2015.0,7.0,3.0,4.0,7.0,0.0,1.0,3.0
471,829736.0,2015.0,11.0,6.0,23.0,6.0,0.0,0.0,6.0
472,829738.0,2015.0,4.0,1.0,24.0,1.0,1.0,1.0,1.0
473,829740.0,2015.0,5.0,3.0,17.0,3.0,0.0,1.0,5.0
474,829742.0,2015.0,2.0,7.0,1.0,2.0,1.0,0.0,7.0
475,829744.0,2015.0,6.0,1.0,3.0,1.0,1.0,1.0,1.0
476,829746.0,2015.0,5.0,4.0,17.0,4.0,1.0,1.0,4.0
477,829748.0,2015.0,11.0,1.0,23.0,1.0,1.0,0.0,11.0
478,829750.0,2015.0,2.0,3.0,1.0,2.0,1.0,0.0,3.0
479,829752.0,2015.0,6.0,7.0,3.0,7.0,1.0,0.0,6.0
480,829754.0,2015.0,5.0,2.0,17.0,2.0,1.0,1.0,2.0
481,829756.0,2015.0,7.0,11.0,4.0,7.0,0.0,0.0,7.0
482,829758.0,2015.0,3.0,4.0,8.0,3.0,0.0,0.0,3.0
483,829762.0,2015.0,6.0,2.0,3.0,2.0,1.0,1.0,2.0
484,829764.0,2015.0,4.0,11.0,2.0,4.0,1.0,0.0,11.0
485,829766.0,2015.0,1.0,6.0,5.0,1.0,0.0,0.0,1.0
486,829768.0,2015.0,2.0,5.0,1.0,5.0,1.0,1.0,0.0
487,829770.0,2015.0,3.0,1.0,8.0,1.0,1.0,0.0,3.0
488,829772.0,2015.0,6.0,4.0,3.0,6.0,1.0,1.0,6.0
489,829774.0,2015.0,7.0,5.0,4.0,5.0,1.0,0.0,7.0
490,829776.0,2015.0,2.0,1.0,1.0,2.0,1.0,1.0,2.0
491,829778.0,2015.0,11.0,3.0,7.0,3.0,1.0,0.0,11.0
492,829780.0,2015.0,4.0,7.0,2.0,7.0,0.0,0.0,7.0
493,829782.0,2015.0,5.0,6.0,4.0,6.0,1.0,0.0,5.0
494,829784.0,2015.0,3.0,2.0,8.0,3.0,0.0,0.0,3.0
495,829786.0,2015.0,1.0,11.0,5.0,11.0,1.0,0.0,1.0
496,829788.0,2015.0,7.0,6.0,4.0,6.0,0.0,1.0,7.0
497,829790.0,2015.0,2.0,4.0,1.0,4.0,1.0,0.0,2.0
498,829792.0,2015.0,5.0,11.0,4.0,5.0,1.0,0.0,11.0
499,829794.0,2015.0,3.0,7.0,8.0,3.0,0.0,1.0,7.0
500,829796.0,2015.0,1.0,4.0,5.0,4.0,0.0,1.0,1.0
501,829798.0,2015.0,6.0,11.0,25.0,11.0,0.0,0.0,11.0
502,829800.0,2015.0,7.0,2.0,4.0,2.0,0.0,0.0,2.0
503,829802.0,2015.0,3.0,5.0,8.0,3.0,0.0,0.0,3.0
504,829804.0,2015.0,11.0,4.0,7.0,11.0,0.0,0.0,11.0
505,829806.0,2015.0,6.0,3.0,25.0,3.0,0.0,1.0,6.0
506,829808.0,2015.0,4.0,2.0,2.0,2.0,1.0,0.0,4.0
507,829810.0,2015.0,7.0,1.0,4.0,1.0,1.0,0.0,7.0
508,829812.0,2015.0,11.0,2.0,7.0,11.0,0.0,1.0,2.0
509,829814.0,2015.0,4.0,3.0,2.0,4.0,0.0,1.0,3.0
510,829816.0,2015.0,5.0,1.0,4.0,5.0,0.0,0.0,5.0
511,829818.0,2015.0,2.0,6.0,1.0,2.0,1.0,1.0,0.0
512,829820.0,2015.0,11.0,7.0,7.0,11.0,0.0,1.0,7.0
513,829822.0,2015.0,3.0,7.0,4.0,7.0,0.0,0.0,7.0
514,829824.0,2015.0,2.0,5.0,24.0,2.0,0.0,0.0,2.0
515,829826.0,2015.0,3.0,2.0,26.0,3.0,1.0,1.0,3.0
516,829828.0,2015.0,7.0,3.0,5.0,3.0,1.0,0.0,7.0
517,980906.0,2016.0,7.0,12.0,4.0,7.0,0.0,1.0,12.0
518,980908.0,2016.0,1.0,6.0,5.0,1.0,1.0,1.0,1.0
519,980910.0,2016.0,4.0,13.0,2.0,13.0,1.0,1.0,13.0
520,980912.0,2016.0,2.0,11.0,1.0,11.0,1.0,0.0,2.0
521,980914.0,2016.0,1.0,7.0,5.0,7.0,1.0,1.0,7.0
522,980916.0,2016.0,13.0,12.0,28.0,12.0,0.0,1.0,13.0
523,980918.0,2016.0,6.0,4.0,3.0,6.0,1.0,1.0,6.0
524,980920.0,2016.0,11.0,1.0,7.0,11.0,0.0,1.0,1.0
525,980922.0,2016.0,7.0,13.0,4.0,13.0,1.0,1.0,13.0
526,980924.0,2016.0,4.0,12.0,2.0,12.0,0.0,1.0,4.0
527,980926.0,2016.0,2.0,6.0,1.0,6.0,1.0,1.0,6.0
528,980928.0,2016.0,11.0,7.0,7.0,11.0,1.0,1.0,11.0
529,980930.0,2016.0,4.0,1.0,2.0,1.0,1.0,1.0,1.0
530,980932.0,2016.0,7.0,2.0,4.0,7.0,1.0,1.0,7.0
531,980934.0,2016.0,13.0,11.0,28.0,11.0,1.0,1.0,11.0
532,980936.0,2016.0,12.0,2.0,24.0,12.0,1.0,0.0,2.0
533,980938.0,2016.0,6.0,7.0,3.0,7.0,1.0,0.0,6.0
534,980940.0,2016.0,11.0,4.0,7.0,11.0,1.0,1.0,11.0
535,980942.0,2016.0,13.0,2.0,28.0,2.0,0.0,1.0,13.0
536,980944.0,2016.0,12.0,1.0,24.0,1.0,1.0,1.0,1.0
537,980946.0,2016.0,4.0,7.0,2.0,4.0,1.0,0.0,7.0
538,980948.0,2016.0,11.0,12.0,7.0,12.0,1.0,0.0,12.0
539,980950.0,2016.0,6.0,13.0,3.0,6.0,1.0,0.0,13.0
540,980952.0,2016.0,7.0,1.0,4.0,7.0,1.0,1.0,7.0
541,980954.0,2016.0,12.0,13.0,24.0,13.0,1.0,1.0,13.0
542,980956.0,2016.0,6.0,1.0,3.0,1.0,1.0,0.0,6.0
543,980958.0,2016.0,11.0,2.0,7.0,2.0,1.0,0.0,11.0
544,980960.0,2016.0,13.0,4.0,28.0,13.0,1.0,0.0,4.0
545,980962.0,2016.0,12.0,7.0,24.0,7.0,1.0,1.0,7.0
546,980964.0,2016.0,2.0,1.0,1.0,1.0,1.0,1.0,1.0
547,980966.0,2016.0,13.0,6.0,28.0,6.0,1.0,1.0,6.0
548,980968.0,2016.0,1.0,4.0,5.0,4.0,1.0,0.0,1.0
549,980970.0,2016.0,6.0,12.0,3.0,12.0,1.0,1.0,12.0
550,980972.0,2016.0,11.0,13.0,7.0,11.0,1.0,1.0,11.0
551,980974.0,2016.0,2.0,12.0,1.0,2.0,1.0,1.0,2.0
552,980976.0,2016.0,4.0,6.0,2.0,6.0,1.0,0.0,4.0
553,980978.0,2016.0,7.0,11.0,23.0,7.0,1.0,0.0,11.0
554,980980.0,2016.0,1.0,13.0,5.0,13.0,1.0,1.0,13.0
555,980982.0,2016.0,4.0,2.0,2.0,4.0,1.0,0.0,2.0
556,980984.0,2016.0,12.0,11.0,23.0,11.0,0.0,0.0,11.0
557,980986.0,2016.0,2.0,7.0,1.0,7.0,1.0,1.0,7.0
558,980988.0,2016.0,11.0,6.0,7.0,6.0,1.0,1.0,6.0
559,980990.0,2016.0,7.0,4.0,23.0,7.0,0.0,1.0,4.0
560,980992.0,2016.0,2.0,13.0,1.0,13.0,1.0,0.0,2.0
561,980994.0,2016.0,1.0,12.0,5.0,12.0,0.0,1.0,1.0
562,980996.0,2016.0,4.0,11.0,2.0,4.0,0.0,1.0,11.0
563,980998.0,2016.0,7.0,6.0,23.0,6.0,1.0,0.0,7.0
564,981000.0,2016.0,1.0,2.0,5.0,2.0,1.0,1.0,2.0
565,981002.0,2016.0,12.0,6.0,23.0,12.0,1.0,0.0,12.0
566,981004.0,2016.0,2.0,4.0,1.0,4.0,1.0,0.0,2.0
567,981006.0,2016.0,13.0,1.0,29.0,13.0,1.0,1.0,13.0
568,981008.0,2016.0,6.0,11.0,25.0,6.0,1.0,1.0,6.0
569,981010.0,2016.0,12.0,4.0,23.0,4.0,0.0,1.0,12.0
570,981012.0,2016.0,13.0,7.0,29.0,13.0,1.0,1.0,13.0
571,981014.0,2016.0,1.0,11.0,5.0,11.0,1.0,0.0,1.0
572,981016.0,2016.0,6.0,2.0,25.0,2.0,1.0,1.0,2.0
573,981018.0,2016.0,13.0,2.0,1.0,2.0,1.0,1.0,2.0
574,981020.0,2016.0,11.0,1.0,3.0,1.0,1.0,0.0,11.0
575,981022.0,2016.0,13.0,11.0,3.0,11.0,1.0,1.0,11.0
576,981024.0,2016.0,2.0,11.0,1.0,11.0,0.0,0.0,11.0
577,1082591.0,2017.0,11.0,2.0,0.0,2.0,1.0,0.0,11.0
578,1082592.0,2017.0,12.0,7.0,24.0,0.0,1.0,1.0,12.0
579,1082593.0,2017.0,13.0,1.0,28.0,1.0,1.0,1.0,1.0
580,1082594.0,2017.0,4.0,12.0,22.0,4.0,1.0,1.0,4.0
581,1082595.0,2017.0,2.0,6.0,1.0,2.0,1.0,0.0,2.0
582,1082596.0,2017.0,11.0,13.0,0.0,11.0,1.0,1.0,11.0
583,1082597.0,2017.0,7.0,1.0,4.0,7.0,1.0,1.0,7.0
584,1082598.0,2017.0,4.0,2.0,22.0,2.0,1.0,1.0,4.0
585,1082599.0,2017.0,12.0,6.0,24.0,12.0,1.0,0.0,6.0
586,1082600.0,2017.0,7.0,11.0,4.0,7.0,1.0,1.0,7.0
587,1082601.0,2017.0,1.0,4.0,5.0,1.0,1.0,1.0,1.0
588,1082602.0,2017.0,2.0,7.0,1.0,7.0,1.0,1.0,7.0
589,1082603.0,2017.0,13.0,12.0,28.0,13.0,1.0,1.0,13.0
590,1082604.0,2017.0,1.0,11.0,5.0,11.0,1.0,0.0,1.0
591,1082605.0,2017.0,6.0,4.0,3.0,6.0,1.0,0.0,6.0
592,1082606.0,2017.0,7.0,13.0,4.0,7.0,1.0,1.0,7.0
593,1082607.0,2017.0,2.0,12.0,1.0,2.0,1.0,0.0,12.0
594,1082608.0,2017.0,6.0,1.0,3.0,6.0,1.0,1.0,1.0
595,1082609.0,2017.0,11.0,4.0,0.0,4.0,1.0,0.0,11.0
596,1082610.0,2017.0,13.0,2.0,28.0,13.0,1.0,0.0,2.0
597,1082611.0,2017.0,11.0,6.0,0.0,11.0,1.0,0.0,11.0
598,1082612.0,2017.0,4.0,7.0,22.0,7.0,1.0,1.0,7.0
599,1082613.0,2017.0,1.0,13.0,5.0,13.0,1.0,1.0,13.0
600,1082614.0,2017.0,7.0,6.0,4.0,6.0,1.0,0.0,7.0
601,1082615.0,2017.0,12.0,11.0,24.0,12.0,1.0,1.0,12.0
602,1082616.0,2017.0,13.0,4.0,28.0,13.0,1.0,0.0,4.0
603,1082617.0,2017.0,1.0,2.0,5.0,2.0,1.0,0.0,1.0
604,1082618.0,2017.0,7.0,12.0,4.0,7.0,1.0,0.0,12.0
605,1082619.0,2017.0,2.0,11.0,1.0,0.0,1.0,1.0,0.0
606,1082620.0,2017.0,12.0,1.0,24.0,1.0,1.0,1.0,1.0
607,1082621.0,2017.0,2.0,13.0,1.0,13.0,1.0,1.0,13.0
608,1082622.0,2017.0,1.0,6.0,5.0,1.0,1.0,1.0,1.0
609,1082623.0,2017.0,4.0,11.0,32.0,4.0,1.0,0.0,11.0
610,1082624.0,2017.0,12.0,2.0,24.0,2.0,1.0,0.0,12.0
611,1082625.0,2017.0,13.0,7.0,28.0,13.0,1.0,1.0,0.0
612,1082626.0,2017.0,4.0,6.0,32.0,4.0,1.0,1.0,4.0
613,1082627.0,2017.0,11.0,1.0,0.0,1.0,1.0,0.0,11.0
614,1082628.0,2017.0,7.0,2.0,4.0,2.0,1.0,1.0,7.0
615,1082629.0,2017.0,12.0,13.0,24.0,12.0,1.0,1.0,12.0
616,1082630.0,2017.0,6.0,11.0,3.0,6.0,1.0,1.0,6.0
617,1082631.0,2017.0,1.0,12.0,5.0,12.0,1.0,1.0,12.0
618,1082632.0,2017.0,6.0,13.0,3.0,6.0,1.0,1.0,6.0
619,1082633.0,2017.0,2.0,4.0,1.0,2.0,1.0,0.0,4.0
620,1082634.0,2017.0,11.0,12.0,0.0,11.0,1.0,0.0,12.0
621,1082635.0,2017.0,6.0,7.0,3.0,6.0,1.0,0.0,7.0
622,1082636.0,2017.0,2.0,1.0,1.0,1.0,1.0,1.0,1.0
623,1082637.0,2017.0,4.0,13.0,32.0,13.0,1.0,1.0,13.0
624,1082638.0,2017.0,11.0,7.0,0.0,7.0,1.0,1.0,11.0
625,1082639.0,2017.0,4.0,1.0,32.0,1.0,1.0,0.0,4.0
626,1082640.0,2017.0,13.0,6.0,29.0,6.0,1.0,1.0,6.0
627,1082641.0,2017.0,7.0,4.0,4.0,7.0,1.0,0.0,4.0
628,1082642.0,2017.0,6.0,12.0,3.0,6.0,1.0,0.0,6.0
629,1082643.0,2017.0,13.0,11.0,29.0,11.0,1.0,1.0,11.0
630,1082644.0,2017.0,1.0,7.0,5.0,1.0,1.0,0.0,7.0
631,1082645.0,2017.0,12.0,4.0,24.0,12.0,1.0,1.0,12.0
632,1082646.0,2017.0,6.0,2.0,3.0,2.0,1.0,0.0,2.0
633,1082647.0,2017.0,7.0,12.0,4.0,7.0,1.0,0.0,12.0
634,1082648.0,2017.0,11.0,1.0,1.0,1.0,1.0,1.0,1.0
635,1082649.0,2017.0,7.0,1.0,1.0,7.0,1.0,1.0,7.0
636,1082650.0,2017.0,7.0,12.0,0.0,7.0,1.0,1.0,7.0
