,matchId,Season_Year,team1,team2,City_Name,Toss_Winner,Toss_Name,feature121runs1,feature121runs2,match_winner
0,335987.0,2008.0,2.0,1.0,1.0,0.0,1.0,0.3401236297130897,0.4259142649672659,1.0
1,335988.0,2008.0,4.0,3.0,2.0,1.0,0.0,0.44899040393820727,0.5411885088935044,1.0
2,335989.0,2008.0,6.0,5.0,3.0,1.0,0.0,0.4246106374552815,0.26327889282434735,0.0
3,335990.0,2008.0,7.0,2.0,4.0,0.0,0.0,0.26203386636643167,0.32225591369085305,1.0
4,335991.0,2008.0,1.0,8.0,5.0,1.0,0.0,0.3003134609589212,0.4141674585438576,0.0
5,335992.0,2008.0,5.0,4.0,6.0,1.0,0.0,0.35718493373394494,0.3192135703363731,0.0
6,335993.0,2008.0,8.0,6.0,7.0,0.0,0.0,0.2720299160138732,0.40934538148896055,1.0
7,335994.0,2008.0,3.0,7.0,8.0,1.0,1.0,0.434071326349713,0.33744843540298086,0.0
8,335995.0,2008.0,8.0,5.0,7.0,1.0,1.0,0.4210052370361189,0.3079052192688556,1.0
9,335996.0,2008.0,4.0,7.0,2.0,1.0,1.0,0.3975239957793583,0.20852397953151477,0.0
10,335997.0,2008.0,2.0,5.0,1.0,1.0,1.0,0.28471219045875096,0.15590467720177958,1.0
11,335998.0,2008.0,3.0,1.0,8.0,1.0,0.0,0.40469887182258457,0.37966826421351035,0.0
12,335999.0,2008.0,7.0,8.0,4.0,1.0,1.0,0.3330237255857091,0.3557147815412278,1.0
13,336000.0,2008.0,4.0,6.0,2.0,1.0,0.0,0.3438391456062182,0.38262509897473646,0.0
14,336001.0,2008.0,2.0,3.0,1.0,1.0,0.0,0.3106532288713899,0.3785591849045108,1.0
15,336002.0,2008.0,1.0,7.0,5.0,0.0,0.0,0.35008574499958367,0.28996839224111953,1.0
16,336003.0,2008.0,6.0,2.0,3.0,1.0,1.0,0.4750233472885161,0.2606571830654067,0.0
17,336004.0,2008.0,8.0,4.0,7.0,1.0,1.0,0.32104035999659347,0.3687763348072654,1.0
18,336005.0,2008.0,5.0,1.0,6.0,0.0,0.0,0.2482229794540885,0.29405561160064386,0.0
19,336006.0,2008.0,3.0,6.0,8.0,0.0,0.0,0.33161120330541816,0.36496562305147917,1.0
20,336007.0,2008.0,8.0,2.0,7.0,0.0,0.0,0.334849065454304,0.40528973083218994,1.0
21,336008.0,2008.0,4.0,1.0,2.0,0.0,0.0,0.3973770680018921,0.2474826700535937,0.0
22,336009.0,2008.0,7.0,6.0,4.0,1.0,1.0,0.21442180813838566,0.5160181768346116,0.0
23,336010.0,2008.0,5.0,3.0,6.0,1.0,0.0,0.22063280494461,0.3903084465196499,0.0
24,336011.0,2008.0,2.0,4.0,1.0,1.0,1.0,0.2699109109644026,0.2646081816360454,1.0
25,336012.0,2008.0,3.0,8.0,8.0,1.0,1.0,0.5119134931083221,0.4047177185424633,1.0
26,336013.0,2008.0,7.0,5.0,4.0,0.0,1.0,0.17510353531441286,0.22570824088922695,0.0
27,336014.0,2008.0,6.0,3.0,3.0,1.0,1.0,0.36496562305147917,0.33161120330541816,1.0
28,336015.0,2008.0,1.0,2.0,5.0,0.0,0.0,0.4259142649672659,0.3401236297130897,0.0
29,336016.0,2008.0,5.0,8.0,6.0,0.0,1.0,0.3079052192688556,0.4210052370361189,0.0
30,336017.0,2008.0,2.0,7.0,1.0,1.0,1.0,0.32225591369085305,0.26203386636643167,1.0
31,336018.0,2008.0,3.0,4.0,8.0,1.0,1.0,0.5411885088935044,0.44899040393820727,0.0
32,336019.0,2008.0,8.0,1.0,7.0,1.0,0.0,0.4141674585438576,0.3003134609589212,1.0
33,336020.0,2008.0,5.0,6.0,6.0,0.0,1.0,0.26327889282434735,0.4246106374552815,0.0
34,336021.0,2008.0,4.0,2.0,2.0,1.0,0.0,0.2646081816360454,0.2699109109644026,0.0
35,336022.0,2008.0,1.0,6.0,5.0,0.0,0.0,0.20942935955937828,0.3199323210309027,0.0
36,336023.0,2008.0,7.0,3.0,4.0,0.0,1.0,0.33744843540298086,0.434071326349713,0.0
37,336024.0,2008.0,4.0,5.0,2.0,1.0,1.0,0.3192135703363731,0.35718493373394494,0.0
38,336025.0,2008.0,6.0,8.0,3.0,1.0,1.0,0.40934538148896055,0.2720299160138732,0.0
39,336026.0,2008.0,7.0,1.0,4.0,0.0,1.0,0.28996839224111953,0.35008574499958367,0.0
40,336027.0,2008.0,6.0,4.0,3.0,0.0,0.0,0.38262509897473646,0.3438391456062182,1.0
41,336028.0,2008.0,5.0,2.0,6.0,1.0,1.0,0.15590467720177958,0.28471219045875096,0.0
42,336029.0,2008.0,8.0,7.0,7.0,0.0,1.0,0.3557147815412278,0.3330237255857091,1.0
43,336030.0,2008.0,1.0,3.0,5.0,0.0,0.0,0.37966826421351035,0.40469887182258457,1.0
44,336031.0,2008.0,2.0,6.0,1.0,1.0,1.0,0.2606571830654067,0.4750233472885161,1.0
45,336032.0,2008.0,1.0,5.0,5.0,1.0,1.0,0.29405561160064386,0.2482229794540885,1.0
46,336033.0,2008.0,7.0,4.0,4.0,0.0,1.0,0.20852397953151477,0.3975239957793583,1.0
47,336034.0,2008.0,3.0,2.0,8.0,1.0,0.0,0.3785591849045108,0.3106532288713899,1.0
48,336036.0,2008.0,4.0,8.0,2.0,0.0,1.0,0.3687763348072654,0.32104035999659347,0.0
49,336037.0,2008.0,6.0,7.0,3.0,0.0,1.0,0.5160181768346116,0.21442180813838566,0.0
50,336038.0,2008.0,3.0,5.0,8.0,1.0,0.0,0.3903084465196499,0.22063280494461,1.0
51,336039.0,2008.0,2.0,8.0,1.0,1.0,1.0,0.40528973083218994,0.334849065454304,0.0
52,336040.0,2008.0,1.0,4.0,5.0,1.0,0.0,0.2474826700535937,0.3973770680018921,0.0
53,336041.0,2008.0,5.0,7.0,6.0,0.0,1.0,0.22570824088922695,0.17510353531441286,0.0
54,336042.0,2008.0,8.0,3.0,7.0,0.0,0.0,0.4047177185424633,0.5119134931083221,1.0
55,336043.0,2008.0,6.0,5.0,4.0,0.0,1.0,0.4246106374552815,0.26327889282434735,1.0
56,336044.0,2008.0,3.0,4.0,4.0,1.0,0.0,0.5411885088935044,0.44899040393820727,0.0
57,336045.0,2008.0,3.0,5.0,4.0,1.0,1.0,0.3903084465196499,0.22063280494461,1.0
58,392186.0,2009.0,3.0,7.0,9.0,0.0,1.0,0.19713095495622424,0.3706159340319577,1.0
59,392187.0,2009.0,2.0,5.0,9.0,0.0,0.0,0.38071895805855516,0.2418886063907457,0.0
60,392188.0,2009.0,6.0,4.0,9.0,0.0,1.0,0.4341153535908073,0.3992766374073464,0.0
61,392189.0,2009.0,8.0,1.0,9.0,1.0,0.0,0.5944225592280847,0.2978131535735212,0.0
62,392190.0,2009.0,2.0,3.0,10.0,1.0,0.0,0.48295353416756304,0.4722839678565299,1.0
63,392191.0,2009.0,4.0,1.0,11.0,1.0,1.0,0.5306180906687521,0.3279658846459477,1.0
64,392193.0,2009.0,2.0,8.0,9.0,1.0,0.0,0.4121292884740426,0.3915662043382957,1.0
65,392194.0,2009.0,3.0,6.0,11.0,1.0,0.0,0.4151440039869791,0.41901032915152664,1.0
66,392195.0,2009.0,1.0,5.0,9.0,0.0,1.0,0.28941086047916376,0.4810230329007675,1.0
67,392196.0,2009.0,2.0,4.0,11.0,0.0,0.0,0.323341388357859,0.3586232497058324,1.0
68,392197.0,2009.0,8.0,7.0,11.0,0.0,0.0,0.20389082070307635,0.26880904108887005,0.0
69,392199.0,2009.0,2.0,6.0,10.0,0.0,0.0,0.3776435144832045,0.48949608345814516,1.0
70,392200.0,2009.0,4.0,5.0,9.0,0.0,0.0,0.31630933893467067,0.3913425841160406,0.0
71,392201.0,2009.0,3.0,8.0,11.0,1.0,1.0,0.480845401960017,0.4980152210858336,1.0
72,392202.0,2009.0,1.0,7.0,10.0,1.0,0.0,0.1420525602343784,0.3774032007781693,1.0
73,392203.0,2009.0,6.0,5.0,12.0,0.0,0.0,0.437696230698623,0.3323119455562227,1.0
74,392204.0,2009.0,2.0,1.0,11.0,1.0,0.0,0.5977756125437246,0.4073797507507177,0.0
75,392205.0,2009.0,4.0,7.0,11.0,0.0,0.0,0.13781486021590417,0.2324625672263932,0.0
76,392206.0,2009.0,8.0,6.0,12.0,1.0,1.0,0.40488743544164063,0.4150361592092359,1.0
77,392207.0,2009.0,3.0,5.0,12.0,1.0,1.0,0.35058863099117077,0.311633091343479,0.0
78,392208.0,2009.0,1.0,7.0,13.0,1.0,0.0,0.1420525602343784,0.3774032007781693,1.0
79,392209.0,2009.0,2.0,4.0,11.0,0.0,0.0,0.323341388357859,0.3586232497058324,0.0
80,392210.0,2009.0,8.0,5.0,10.0,0.0,0.0,0.40632561935995215,0.2857478052578406,1.0
81,392211.0,2009.0,3.0,6.0,14.0,1.0,1.0,0.4151440039869791,0.41901032915152664,0.0
82,392212.0,2009.0,4.0,1.0,10.0,1.0,0.0,0.5306180906687521,0.3279658846459477,0.0
83,392213.0,2009.0,2.0,7.0,14.0,1.0,0.0,0.22012579030847843,0.399951630142713,0.0
84,392214.0,2009.0,3.0,8.0,13.0,0.0,0.0,0.480845401960017,0.4980152210858336,0.0
85,392215.0,2009.0,4.0,5.0,11.0,0.0,1.0,0.31630933893467067,0.3913425841160406,1.0
86,392216.0,2009.0,6.0,1.0,11.0,1.0,0.0,0.6015587377577718,0.31084020766444126,0.0
87,392217.0,2009.0,8.0,7.0,12.0,0.0,0.0,0.20389082070307635,0.26880904108887005,0.0
88,392218.0,2009.0,2.0,5.0,12.0,1.0,1.0,0.38071895805855516,0.2418886063907457,1.0
89,392219.0,2009.0,3.0,4.0,12.0,0.0,0.0,0.4491407518088749,0.3565194282304808,0.0
90,392220.0,2009.0,6.0,7.0,13.0,1.0,0.0,0.30699530943658826,0.23765163670122347,0.0
91,392221.0,2009.0,8.0,4.0,15.0,1.0,1.0,0.363903200261299,0.34248315788210015,1.0
92,392222.0,2009.0,3.0,5.0,15.0,1.0,0.0,0.35058863099117077,0.311633091343479,0.0
93,392223.0,2009.0,2.0,7.0,10.0,1.0,0.0,0.22012579030847843,0.399951630142713,1.0
94,392224.0,2009.0,6.0,1.0,14.0,0.0,1.0,0.6015587377577718,0.31084020766444126,0.0
95,392225.0,2009.0,8.0,5.0,15.0,0.0,0.0,0.40632561935995215,0.2857478052578406,0.0
96,392226.0,2009.0,2.0,1.0,12.0,0.0,1.0,0.5977756125437246,0.4073797507507177,0.0
97,392227.0,2009.0,4.0,7.0,12.0,0.0,0.0,0.13781486021590417,0.2324625672263932,1.0
98,392228.0,2009.0,8.0,6.0,11.0,0.0,1.0,0.40488743544164063,0.4150361592092359,1.0
99,392229.0,2009.0,2.0,3.0,11.0,1.0,0.0,0.48295353416756304,0.4722839678565299,0.0
100,392230.0,2009.0,7.0,5.0,11.0,1.0,0.0,0.2704954427641386,0.15109477299559942,1.0
101,392231.0,2009.0,6.0,4.0,16.0,1.0,1.0,0.4341153535908073,0.3992766374073464,1.0
102,392232.0,2009.0,3.0,7.0,10.0,1.0,0.0,0.19713095495622424,0.3706159340319577,0.0
103,392233.0,2009.0,8.0,1.0,14.0,0.0,1.0,0.5944225592280847,0.2978131535735212,0.0
104,392234.0,2009.0,8.0,4.0,14.0,0.0,1.0,0.363903200261299,0.34248315788210015,1.0
105,392235.0,2009.0,6.0,5.0,16.0,0.0,0.0,0.437696230698623,0.3323119455562227,0.0
106,392236.0,2009.0,3.0,1.0,12.0,0.0,0.0,0.617452795470928,0.39898311662409863,1.0
107,392237.0,2009.0,2.0,6.0,14.0,1.0,0.0,0.3776435144832045,0.48949608345814516,0.0
108,392238.0,2009.0,1.0,5.0,11.0,0.0,1.0,0.28941086047916376,0.4810230329007675,0.0
109,392239.0,2009.0,3.0,4.0,11.0,0.0,0.0,0.4491407518088749,0.3565194282304808,0.0
110,392240.0,2009.0,6.0,7.0,12.0,0.0,1.0,0.30699530943658826,0.23765163670122347,0.0
111,392241.0,2009.0,2.0,8.0,12.0,0.0,0.0,0.4121292884740426,0.3915662043382957,0.0
112,392242.0,2009.0,6.0,8.0,12.0,1.0,1.0,0.4150361592092359,0.40488743544164063,1.0
113,392243.0,2009.0,2.0,3.0,14.0,0.0,1.0,0.48295353416756304,0.4722839678565299,0.0
114,392244.0,2009.0,2.0,8.0,14.0,0.0,1.0,0.4121292884740426,0.3915662043382957,1.0
115,419111.0,2010.0,8.0,1.0,4.0,0.0,1.0,0.47870209378140344,0.37137895745624894,1.0
116,419112.0,2010.0,7.0,5.0,4.0,0.0,0.0,0.4790650603771327,0.31769799512522107,0.0
117,419113.0,2010.0,4.0,6.0,2.0,1.0,1.0,0.5154157285179394,0.3100171974625061,1.0
118,419114.0,2010.0,1.0,2.0,5.0,0.0,1.0,0.4479092698702763,0.5194602686267826,0.0
119,419115.0,2010.0,3.0,8.0,8.0,1.0,0.0,0.5008616153732957,0.5381182341908971,1.0
120,419116.0,2010.0,5.0,6.0,17.0,1.0,1.0,0.504223374926115,0.416616554785004,1.0
121,419117.0,2010.0,2.0,4.0,1.0,1.0,0.0,0.375432547887035,0.37124667770116127,0.0
122,419118.0,2010.0,1.0,3.0,5.0,1.0,0.0,0.4468849574328135,0.46530075845752916,1.0
123,419119.0,2010.0,6.0,7.0,3.0,0.0,1.0,0.4370349339410445,0.47015675926154016,1.0
124,419120.0,2010.0,2.0,5.0,1.0,0.0,1.0,0.4442125699378965,0.30856995995290415,0.0
125,419121.0,2010.0,6.0,3.0,3.0,0.0,0.0,0.35303273213544684,0.5231669727537496,1.0
126,419122.0,2010.0,8.0,4.0,18.0,1.0,1.0,0.44262668063767197,0.4861782687986106,0.0
127,419123.0,2010.0,5.0,1.0,17.0,0.0,0.0,0.46464307896242346,0.33474467559779597,0.0
128,419124.0,2010.0,7.0,2.0,4.0,0.0,0.0,0.5395538170391794,0.5248220269485271,1.0
129,419125.0,2010.0,8.0,6.0,18.0,0.0,0.0,0.6039023213567162,0.2838301780277219,0.0
130,419126.0,2010.0,3.0,4.0,8.0,0.0,1.0,0.4215925424424837,0.4722938561949913,1.0
131,419127.0,2010.0,7.0,1.0,4.0,1.0,0.0,0.614852183378002,0.5351787896932089,0.0
132,419128.0,2010.0,2.0,3.0,1.0,1.0,1.0,0.5006555549843271,0.48426743893091007,0.0
133,419129.0,2010.0,4.0,5.0,2.0,0.0,1.0,0.40257109365892596,0.31441817243956277,1.0
134,419130.0,2010.0,7.0,3.0,4.0,0.0,1.0,0.591453334996245,0.44176245878555415,0.0
135,419131.0,2010.0,5.0,8.0,17.0,1.0,0.0,0.46139179101653155,0.47632837787356197,0.0
136,419132.0,2010.0,4.0,1.0,2.0,1.0,0.0,0.5162784577588967,0.33033391403257695,1.0
137,419133.0,2010.0,2.0,6.0,1.0,0.0,1.0,0.6253970304185387,0.3435500874746867,1.0
138,419134.0,2010.0,5.0,3.0,17.0,0.0,0.0,0.38745699644783693,0.4019107969066381,0.0
139,419135.0,2010.0,8.0,7.0,4.0,0.0,1.0,0.43866803971289003,0.6167233191491308,1.0
140,419136.0,2010.0,6.0,1.0,3.0,0.0,0.0,0.34713773323874575,0.5934978324017424,0.0
141,419137.0,2010.0,7.0,4.0,4.0,0.0,1.0,0.4185167141698574,0.4415650296265016,0.0
142,419138.0,2010.0,3.0,2.0,8.0,1.0,0.0,0.48426743893091007,0.5006555549843271,0.0
143,419139.0,2010.0,6.0,5.0,3.0,0.0,0.0,0.416616554785004,0.504223374926115,0.0
144,419140.0,2010.0,1.0,8.0,5.0,0.0,0.0,0.37137895745624894,0.47870209378140344,0.0
145,419141.0,2010.0,4.0,2.0,2.0,0.0,0.0,0.37124667770116127,0.375432547887035,1.0
146,419142.0,2010.0,3.0,5.0,8.0,0.0,0.0,0.4019107969066381,0.38745699644783693,0.0
147,419143.0,2010.0,7.0,8.0,4.0,0.0,0.0,0.6167233191491308,0.43866803971289003,0.0
148,419144.0,2010.0,1.0,4.0,5.0,0.0,0.0,0.33033391403257695,0.5162784577588967,1.0
149,419145.0,2010.0,6.0,2.0,3.0,0.0,0.0,0.3435500874746867,0.6253970304185387,0.0
150,419146.0,2010.0,8.0,5.0,19.0,1.0,0.0,0.47632837787356197,0.46139179101653155,1.0
151,419147.0,2010.0,3.0,7.0,8.0,0.0,0.0,0.44176245878555415,0.591453334996245,0.0
152,419148.0,2010.0,5.0,4.0,6.0,1.0,0.0,0.31441817243956277,0.40257109365892596,0.0
153,419149.0,2010.0,1.0,6.0,5.0,0.0,0.0,0.5934978324017424,0.34713773323874575,0.0
154,419150.0,2010.0,2.0,8.0,1.0,1.0,1.0,0.40429768251691606,0.5323705555250382,1.0
155,419151.0,2010.0,4.0,7.0,2.0,1.0,0.0,0.4415650296265016,0.4185167141698574,0.0
156,419152.0,2010.0,8.0,3.0,19.0,1.0,0.0,0.5381182341908971,0.5008616153732957,0.0
157,419153.0,2010.0,2.0,1.0,1.0,0.0,1.0,0.5194602686267826,0.4479092698702763,0.0
158,419154.0,2010.0,6.0,4.0,3.0,0.0,0.0,0.3100171974625061,0.5154157285179394,1.0
159,419155.0,2010.0,5.0,7.0,6.0,0.0,1.0,0.31769799512522107,0.4790650603771327,1.0
160,419156.0,2010.0,8.0,2.0,19.0,1.0,1.0,0.5323705555250382,0.40429768251691606,0.0
161,419157.0,2010.0,7.0,6.0,4.0,0.0,0.0,0.47015675926154016,0.4370349339410445,0.0
162,419158.0,2010.0,3.0,1.0,8.0,1.0,0.0,0.46530075845752916,0.4468849574328135,0.0
163,419159.0,2010.0,5.0,2.0,6.0,0.0,0.0,0.30856995995290415,0.4442125699378965,1.0
164,419160.0,2010.0,3.0,6.0,8.0,0.0,0.0,0.5231669727537496,0.35303273213544684,1.0
165,419161.0,2010.0,4.0,8.0,20.0,1.0,1.0,0.4861782687986106,0.44262668063767197,1.0
166,419162.0,2010.0,2.0,7.0,1.0,0.0,1.0,0.5248220269485271,0.5395538170391794,1.0
167,419163.0,2010.0,1.0,5.0,5.0,1.0,0.0,0.33474467559779597,0.46464307896242346,0.0
168,419164.0,2010.0,4.0,3.0,20.0,1.0,1.0,0.4722938561949913,0.4215925424424837,1.0
169,419165.0,2010.0,6.0,8.0,3.0,1.0,0.0,0.2838301780277219,0.6039023213567162,1.0
170,419166.0,2010.0,1.0,7.0,5.0,1.0,0.0,0.5351787896932089,0.614852183378002,0.0
171,419167.0,2010.0,2.0,7.0,4.0,1.0,0.0,0.5248220269485271,0.5395538170391794,1.0
172,419168.0,2010.0,3.0,8.0,4.0,0.0,0.0,0.5008616153732957,0.5381182341908971,0.0
173,419169.0,2010.0,2.0,8.0,4.0,1.0,0.0,0.40429768251691606,0.5323705555250382,0.0
174,419170.0,2010.0,3.0,7.0,4.0,0.0,0.0,0.44176245878555415,0.591453334996245,0.0
175,501203.0,2011.0,3.0,1.0,8.0,0.0,0.0,0.5042817222537737,0.4917521213010355,0.0
176,501204.0,2011.0,8.0,5.0,7.0,1.0,1.0,0.21882771458002373,0.36668383446023245,1.0
177,501205.0,2011.0,9.0,2.0,21.0,0.0,0.0,0.42165441673243875,0.34615699055099775,1.0
178,501206.0,2011.0,6.0,7.0,3.0,0.0,0.0,0.495897271733694,0.5848184275059717,1.0
179,501207.0,2011.0,10.0,4.0,4.0,1.0,0.0,0.4118827109056237,0.242450363539831,0.0
180,501208.0,2011.0,1.0,8.0,5.0,0.0,0.0,0.5135569467561868,0.38729060163390217,0.0
181,501209.0,2011.0,5.0,6.0,6.0,1.0,0.0,0.4444125904543478,0.29493846459215034,0.0
182,501210.0,2011.0,2.0,7.0,1.0,1.0,1.0,0.42053769753757225,0.48081060288110034,1.0
183,501211.0,2011.0,4.0,3.0,2.0,0.0,1.0,0.3631634100433779,0.42471916512065694,0.0
184,501212.0,2011.0,10.0,9.0,4.0,1.0,0.0,0.46321184850789304,0.20883102852961868,0.0
185,501213.0,2011.0,8.0,2.0,7.0,1.0,1.0,0.30503218582326697,0.45799638799141346,0.0
186,501214.0,2011.0,5.0,1.0,6.0,1.0,1.0,0.2760497494400342,0.22704313271506946,1.0
187,501215.0,2011.0,7.0,9.0,4.0,1.0,1.0,0.4991882191576535,0.44403126409742194,1.0
188,501216.0,2011.0,3.0,2.0,8.0,0.0,0.0,0.47442132902155965,0.3574196472415037,0.0
189,501217.0,2011.0,8.0,4.0,7.0,1.0,1.0,0.36321827042643245,0.44951472988729124,1.0
190,501218.0,2011.0,10.0,6.0,4.0,1.0,1.0,0.4446624739454496,0.3153583206315791,1.0
191,501219.0,2011.0,1.0,5.0,5.0,0.0,1.0,0.22704313271506946,0.2760497494400342,0.0
192,501220.0,2011.0,9.0,3.0,21.0,0.0,1.0,0.43220590157841804,0.38327326016273955,0.0
193,501221.0,2011.0,6.0,8.0,3.0,1.0,0.0,0.4948393786525148,0.36366807913085125,1.0
194,501223.0,2011.0,7.0,10.0,4.0,1.0,0.0,0.26987297427866996,0.4306885977547774,0.0
195,501224.0,2011.0,1.0,9.0,5.0,0.0,1.0,0.47449241744119963,0.3910661698550387,1.0
196,501225.0,2011.0,4.0,5.0,2.0,1.0,1.0,0.3097418657352831,0.24503810534359308,0.0
197,501226.0,2011.0,7.0,3.0,4.0,1.0,1.0,0.4552639758275975,0.7091053633543623,0.0
198,501227.0,2011.0,1.0,2.0,5.0,1.0,1.0,0.44324802002668845,0.3927734316275436,1.0
199,501228.0,2011.0,6.0,4.0,3.0,1.0,1.0,0.4380232765331413,0.46742704496924004,0.0
200,501229.0,2011.0,8.0,7.0,7.0,0.0,1.0,0.3655336709331285,0.4312347737435059,1.0
201,501230.0,2011.0,5.0,9.0,6.0,0.0,1.0,0.29944126004156835,0.3371585463676696,0.0
202,501231.0,2011.0,3.0,10.0,8.0,1.0,1.0,0.31624702766098656,0.38816222553909624,0.0
203,501232.0,2011.0,6.0,2.0,3.0,1.0,1.0,0.3412071846282372,0.4514640007116457,1.0
204,501233.0,2011.0,10.0,3.0,4.0,0.0,0.0,0.38816222553909624,0.31624702766098656,1.0
205,501234.0,2011.0,9.0,8.0,21.0,0.0,1.0,0.3896031953587689,0.3365184091429857,1.0
206,501235.0,2011.0,6.0,1.0,3.0,0.0,1.0,0.3350170453938221,0.5188677537671825,1.0
207,501236.0,2011.0,5.0,7.0,6.0,0.0,1.0,0.40380725201449363,0.39196583685526865,0.0
208,501237.0,2011.0,2.0,10.0,1.0,1.0,1.0,0.32261160286804436,0.36097363929041765,0.0
209,501238.0,2011.0,9.0,6.0,21.0,1.0,0.0,0.34907654626974927,0.4314024495513454,1.0
210,501239.0,2011.0,1.0,4.0,5.0,0.0,1.0,0.3274327377317489,0.41667758651464004,0.0
211,501240.0,2011.0,5.0,10.0,6.0,0.0,1.0,0.22775053229598682,0.27752908269332877,0.0
212,501241.0,2011.0,3.0,8.0,8.0,0.0,0.0,0.5102780846888016,0.3695643939396989,0.0
213,501242.0,2011.0,7.0,4.0,4.0,1.0,1.0,0.460745314956966,0.5226560508990317,0.0
214,501243.0,2011.0,6.0,9.0,3.0,1.0,1.0,0.4314024495513454,0.34907654626974927,1.0
215,501244.0,2011.0,8.0,1.0,7.0,0.0,1.0,0.38729060163390217,0.5135569467561868,1.0
216,501245.0,2011.0,3.0,5.0,8.0,1.0,0.0,0.2656898801993608,0.31484795022769474,0.0
217,501246.0,2011.0,10.0,7.0,4.0,0.0,1.0,0.4306885977547774,0.26987297427866996,1.0
218,501247.0,2011.0,9.0,1.0,21.0,1.0,1.0,0.3910661698550387,0.47449241744119963,0.0
219,501248.0,2011.0,8.0,6.0,7.0,1.0,1.0,0.36366807913085125,0.4948393786525148,1.0
220,501249.0,2011.0,2.0,4.0,1.0,1.0,1.0,0.4826591353750478,0.4134061082048865,0.0
221,501250.0,2011.0,1.0,3.0,5.0,1.0,0.0,0.4917521213010355,0.5042817222537737,0.0
222,501251.0,2011.0,7.0,6.0,4.0,1.0,1.0,0.5848184275059717,0.495897271733694,0.0
223,501252.0,2011.0,2.0,9.0,1.0,1.0,0.0,0.34615699055099775,0.42165441673243875,0.0
224,501253.0,2011.0,4.0,10.0,2.0,0.0,0.0,0.242450363539831,0.4118827109056237,1.0
225,501254.0,2011.0,5.0,3.0,6.0,0.0,1.0,0.31484795022769474,0.2656898801993608,1.0
226,501255.0,2011.0,8.0,10.0,7.0,0.0,0.0,0.2210816041590328,0.5205141133254761,1.0
227,501256.0,2011.0,4.0,7.0,2.0,1.0,1.0,0.5226560508990317,0.460745314956966,0.0
228,501257.0,2011.0,5.0,2.0,6.0,1.0,1.0,0.1732774464948211,0.2929440809236627,1.0
229,501258.0,2011.0,3.0,6.0,8.0,0.0,0.0,0.6993852219106302,0.4159571510173358,0.0
230,501259.0,2011.0,9.0,4.0,22.0,1.0,1.0,0.3597603064289827,0.40574829740643165,1.0
231,501260.0,2011.0,2.0,1.0,1.0,0.0,1.0,0.3927734316275436,0.44324802002668845,0.0
232,501261.0,2011.0,7.0,8.0,4.0,1.0,0.0,0.4312347737435059,0.3655336709331285,1.0
233,501262.0,2011.0,4.0,6.0,20.0,1.0,1.0,0.46742704496924004,0.4380232765331413,0.0
234,501263.0,2011.0,9.0,5.0,22.0,0.0,1.0,0.3371585463676696,0.29944126004156835,0.0
235,501264.0,2011.0,10.0,8.0,4.0,1.0,1.0,0.5205141133254761,0.2210816041590328,1.0
236,501265.0,2011.0,4.0,2.0,20.0,0.0,0.0,0.4134061082048865,0.4826591353750478,0.0
237,501266.0,2011.0,3.0,9.0,8.0,0.0,0.0,0.38327326016273955,0.43220590157841804,0.0
238,501267.0,2011.0,10.0,1.0,4.0,1.0,1.0,0.33342925421469577,0.24738914859189612,1.0
239,501268.0,2011.0,7.0,5.0,4.0,0.0,0.0,0.39196583685526865,0.40380725201449363,1.0
240,501269.0,2011.0,4.0,8.0,20.0,0.0,1.0,0.44951472988729124,0.36321827042643245,1.0
241,501270.0,2011.0,6.0,10.0,3.0,0.0,0.0,0.3153583206315791,0.4446624739454496,1.0
242,501271.0,2011.0,2.0,3.0,1.0,0.0,1.0,0.3574196472415037,0.47442132902155965,0.0
243,501272.0,2011.0,1.0,7.0,5.0,1.0,1.0,0.44783789020149894,0.4216716299973087,1.0
244,501273.0,2011.0,2.0,3.0,4.0,1.0,1.0,0.3574196472415037,0.47442132902155965,1.0
245,501274.0,2011.0,7.0,1.0,4.0,0.0,1.0,0.4216716299973087,0.44783789020149894,0.0
246,501275.0,2011.0,2.0,7.0,8.0,1.0,1.0,0.42053769753757225,0.48081060288110034,0.0
247,501276.0,2011.0,3.0,2.0,8.0,0.0,0.0,0.47442132902155965,0.3574196472415037,0.0
248,548311.0,2012.0,3.0,7.0,8.0,1.0,1.0,0.666607933897074,0.5671250756557318,1.0
249,548312.0,2012.0,1.0,6.0,5.0,1.0,1.0,0.4377672877311196,0.5774963282474365,1.0
250,548313.0,2012.0,7.0,10.0,4.0,0.0,1.0,0.43117103781566934,0.4577076594420014,1.0
251,548314.0,2012.0,5.0,4.0,6.0,1.0,1.0,0.32400451139287345,0.3829515617712078,0.0
252,548315.0,2012.0,2.0,6.0,1.0,1.0,1.0,0.3853897544722379,0.548645194642655,0.0
253,548316.0,2012.0,8.0,3.0,23.0,0.0,1.0,0.48263661114666717,0.38114159154404414,1.0
254,548317.0,2012.0,5.0,1.0,6.0,1.0,1.0,0.5261485792080937,0.3329448019061165,0.0
255,548318.0,2012.0,10.0,4.0,24.0,0.0,0.0,0.29475666238549075,0.24255959903250446,0.0
256,548319.0,2012.0,8.0,7.0,23.0,0.0,0.0,0.49671221553954814,0.35714040963772964,1.0
257,548320.0,2012.0,2.0,1.0,1.0,0.0,1.0,0.5147086589346718,0.5517668369786802,1.0
258,548321.0,2012.0,6.0,3.0,3.0,0.0,1.0,0.5652148263080689,0.6437027348231846,0.0
259,548322.0,2012.0,7.0,5.0,4.0,1.0,1.0,0.4231394610663389,0.49114637607854517,0.0
260,548323.0,2012.0,3.0,2.0,8.0,1.0,0.0,0.7170499436582682,0.4836685693877104,0.0
261,548324.0,2012.0,4.0,10.0,2.0,0.0,1.0,0.24255959903250446,0.29475666238549075,0.0
262,548325.0,2012.0,1.0,5.0,5.0,1.0,0.0,0.3329448019061165,0.5261485792080937,0.0
263,548326.0,2012.0,6.0,8.0,3.0,1.0,0.0,0.4052620720914591,0.3566301543353527,0.0
264,548327.0,2012.0,10.0,3.0,24.0,1.0,0.0,0.4651075302464714,0.44634846622134594,0.0
265,548328.0,2012.0,1.0,4.0,5.0,0.0,1.0,0.3898207332389408,0.5166607964804512,1.0
266,548329.0,2012.0,2.0,5.0,1.0,1.0,0.0,0.3471032456110621,0.48534811042426457,1.0
267,548330.0,2012.0,7.0,6.0,4.0,1.0,1.0,0.46387978417211545,0.6481778738132196,1.0
268,548331.0,2012.0,5.0,8.0,6.0,1.0,0.0,0.2923705479397395,0.40959310162640256,0.0
269,548332.0,2012.0,2.0,10.0,1.0,1.0,0.0,0.40103260769220794,0.4510347202944919,0.0
270,548333.0,2012.0,4.0,1.0,2.0,0.0,0.0,0.5166607964804512,0.3898207332389408,1.0
271,548334.0,2012.0,8.0,6.0,7.0,0.0,0.0,0.3566301543353527,0.4052620720914591,1.0
272,548335.0,2012.0,3.0,10.0,8.0,1.0,1.0,0.44634846622134594,0.4651075302464714,0.0
273,548336.0,2012.0,4.0,2.0,2.0,1.0,1.0,0.4237163224341152,0.4413595735868939,1.0
274,548337.0,2012.0,3.0,5.0,8.0,1.0,0.0,0.3778509817310616,0.4086162829860614,0.0
275,548338.0,2012.0,6.0,10.0,3.0,0.0,1.0,0.5045037801458035,0.2941610883784871,1.0
276,548339.0,2012.0,7.0,4.0,4.0,0.0,0.0,0.35882667325002043,0.5103159584763474,1.0
277,548340.0,2012.0,8.0,1.0,18.0,1.0,1.0,0.5877169920015713,0.4057726047624837,1.0
278,548341.0,2012.0,5.0,2.0,6.0,0.0,1.0,0.48534811042426457,0.3471032456110621,1.0
279,548342.0,2012.0,10.0,6.0,24.0,0.0,0.0,0.2941610883784871,0.5045037801458035,1.0
280,548344.0,2012.0,4.0,7.0,2.0,0.0,0.0,0.5103159584763474,0.35882667325002043,1.0
281,548346.0,2012.0,10.0,8.0,24.0,1.0,0.0,0.29911075883886884,0.4306716741081066,1.0
282,548347.0,2012.0,6.0,7.0,3.0,1.0,1.0,0.6481778738132196,0.46387978417211545,0.0
283,548348.0,2012.0,3.0,4.0,8.0,1.0,0.0,0.5066666700950213,0.38607692498674506,1.0
284,548349.0,2012.0,1.0,2.0,5.0,0.0,0.0,0.5517668369786802,0.5147086589346718,0.0
285,548350.0,2012.0,6.0,5.0,3.0,0.0,0.0,0.4328618045560194,0.3695606924841753,0.0
286,548351.0,2012.0,7.0,8.0,4.0,0.0,1.0,0.35714040963772964,0.49671221553954814,0.0
287,548352.0,2012.0,3.0,1.0,8.0,0.0,0.0,0.6838623488662445,0.5139011888517329,1.0
288,548353.0,2012.0,8.0,10.0,18.0,0.0,0.0,0.4306716741081066,0.29911075883886884,0.0
289,548354.0,2012.0,5.0,6.0,6.0,0.0,0.0,0.3695606924841753,0.4328618045560194,1.0
290,548355.0,2012.0,2.0,4.0,1.0,1.0,1.0,0.4413595735868939,0.4237163224341152,1.0
291,548356.0,2012.0,10.0,7.0,24.0,1.0,0.0,0.4577076594420014,0.43117103781566934,1.0
292,548357.0,2012.0,3.0,8.0,8.0,0.0,0.0,0.38114159154404414,0.48263661114666717,0.0
293,548358.0,2012.0,1.0,10.0,5.0,0.0,0.0,0.3120191698071541,0.38910309106170987,0.0
294,548359.0,2012.0,4.0,5.0,2.0,1.0,0.0,0.3829515617712078,0.32400451139287345,1.0
295,548360.0,2012.0,7.0,3.0,4.0,0.0,1.0,0.5671250756557318,0.666607933897074,0.0
296,548361.0,2012.0,2.0,8.0,1.0,0.0,1.0,0.3556825668219074,0.47512328003415316,0.0
297,548362.0,2012.0,6.0,1.0,3.0,0.0,0.0,0.5774963282474365,0.4377672877311196,1.0
298,548363.0,2012.0,10.0,5.0,24.0,0.0,0.0,0.2809288995968762,0.3856419999498512,1.0
299,548364.0,2012.0,8.0,4.0,7.0,0.0,1.0,0.48110844157126653,0.3597812601701761,1.0
300,548365.0,2012.0,7.0,2.0,4.0,1.0,1.0,0.553172187538908,0.5033084892882598,1.0
301,548366.0,2012.0,5.0,3.0,6.0,1.0,1.0,0.4086162829860614,0.3778509817310616,1.0
302,548367.0,2012.0,10.0,2.0,24.0,0.0,1.0,0.4510347202944919,0.40103260769220794,1.0
303,548368.0,2012.0,1.0,7.0,5.0,1.0,0.0,0.5045632280847004,0.5081029923381333,1.0
304,548369.0,2012.0,3.0,6.0,8.0,0.0,1.0,0.6437027348231846,0.5652148263080689,0.0
305,548370.0,2012.0,5.0,10.0,6.0,0.0,0.0,0.3856419999498512,0.2809288995968762,0.0
306,548371.0,2012.0,4.0,8.0,2.0,1.0,0.0,0.3597812601701761,0.48110844157126653,0.0
307,548372.0,2012.0,2.0,7.0,1.0,1.0,1.0,0.5033084892882598,0.553172187538908,1.0
308,548373.0,2012.0,1.0,3.0,5.0,1.0,1.0,0.5139011888517329,0.6838623488662445,1.0
309,548374.0,2012.0,6.0,4.0,3.0,1.0,0.0,0.5874499598340641,0.39371395753646354,0.0
310,548375.0,2012.0,7.0,1.0,4.0,0.0,1.0,0.5081029923381333,0.5045632280847004,1.0
311,548376.0,2012.0,4.0,3.0,20.0,0.0,1.0,0.38607692498674506,0.5066666700950213,0.0
312,548377.0,2012.0,6.0,2.0,3.0,0.0,1.0,0.548645194642655,0.3853897544722379,1.0
313,548378.0,2012.0,8.0,5.0,7.0,1.0,0.0,0.40959310162640256,0.2923705479397395,0.0
314,548379.0,2012.0,4.0,6.0,20.0,1.0,1.0,0.39371395753646354,0.5874499598340641,1.0
315,548380.0,2012.0,10.0,1.0,24.0,1.0,0.0,0.38910309106170987,0.3120191698071541,1.0
316,548381.0,2012.0,8.0,2.0,7.0,1.0,1.0,0.47512328003415316,0.3556825668219074,0.0
317,548382.0,2012.0,5.0,7.0,6.0,0.0,0.0,0.49114637607854517,0.4231394610663389,1.0
318,548383.0,2012.0,6.0,1.0,24.0,1.0,0.0,0.5774963282474365,0.4377672877311196,1.0
319,548384.0,2012.0,3.0,7.0,1.0,1.0,1.0,0.666607933897074,0.5671250756557318,0.0
320,548385.0,2012.0,6.0,3.0,8.0,0.0,1.0,0.5652148263080689,0.6437027348231846,1.0
321,548386.0,2012.0,1.0,3.0,8.0,1.0,0.0,0.5139011888517329,0.6838623488662445,0.0
322,598003.0,2013.0,1.0,6.0,5.0,0.0,1.0,0.4347952554207171,0.461595391016893,0.0
323,598004.0,2013.0,2.0,7.0,1.0,1.0,1.0,0.6146907730932425,0.5520294894441312,0.0
324,598005.0,2013.0,11.0,10.0,7.0,1.0,1.0,0.38787369434365043,0.4021666764138312,0.0
325,598006.0,2013.0,6.0,5.0,3.0,1.0,0.0,0.312193216945283,0.37205241563705543,1.0
326,598007.0,2013.0,3.0,7.0,8.0,1.0,0.0,0.7371959121075061,0.497777838377516,1.0
327,598008.0,2013.0,10.0,4.0,24.0,0.0,0.0,0.33798989541703767,0.36600883063625145,1.0
328,598009.0,2013.0,11.0,2.0,7.0,1.0,0.0,0.42892216857640825,0.3765484543490493,0.0
329,598010.0,2013.0,5.0,1.0,6.0,1.0,1.0,0.46475619856437606,0.37456417337217834,0.0
330,598011.0,2013.0,7.0,6.0,4.0,0.0,0.0,0.473815096483461,0.5568450646653689,0.0
331,598012.0,2013.0,4.0,3.0,2.0,1.0,1.0,0.32305680002447135,0.5668296199693532,1.0
332,598013.0,2013.0,2.0,1.0,1.0,0.0,1.0,0.5188833440046475,0.6877201092315849,0.0
333,598014.0,2013.0,10.0,5.0,24.0,1.0,0.0,0.36297356706353856,0.3133306702037672,0.0
334,598015.0,2013.0,6.0,11.0,3.0,0.0,0.0,0.3484866091625647,0.39371186788765455,1.0
335,598016.0,2013.0,7.0,10.0,4.0,0.0,0.0,0.3084596292816293,0.5093179978119722,0.0
336,598017.0,2013.0,3.0,2.0,8.0,0.0,1.0,0.7236791496902089,0.43333394557548766,0.0
337,598018.0,2013.0,1.0,11.0,5.0,0.0,0.0,0.40916110743088424,0.42759888696611104,0.0
338,598019.0,2013.0,5.0,4.0,6.0,0.0,1.0,0.3758456836885912,0.35672040265705285,0.0
339,598020.0,2013.0,3.0,10.0,8.0,1.0,0.0,0.5442257464448738,0.4782089307109837,1.0
340,598021.0,2013.0,4.0,1.0,2.0,1.0,1.0,0.5037362518355932,0.40035552473402686,0.0
341,598022.0,2013.0,2.0,6.0,1.0,0.0,1.0,0.42542646102737075,0.6889637851997198,0.0
342,598023.0,2013.0,10.0,11.0,24.0,0.0,1.0,0.4021666764138312,0.38787369434365043,1.0
343,598024.0,2013.0,5.0,7.0,6.0,0.0,0.0,0.544171751121335,0.4377887367907313,0.0
344,598025.0,2013.0,6.0,3.0,3.0,1.0,0.0,0.3491075291057303,0.6308847352123336,1.0
345,598026.0,2013.0,11.0,4.0,7.0,1.0,0.0,0.3731600421790168,0.3343920866040458,0.0
346,598027.0,2013.0,1.0,3.0,5.0,0.0,0.0,0.4414885675497922,0.6373121775784594,1.0
347,598028.0,2013.0,2.0,5.0,1.0,0.0,1.0,0.35375864255571526,0.5612202079984075,0.0
348,598029.0,2013.0,6.0,7.0,3.0,1.0,0.0,0.5568450646653689,0.473815096483461,0.0
349,598030.0,2013.0,4.0,10.0,2.0,0.0,1.0,0.36600883063625145,0.33798989541703767,0.0
350,598031.0,2013.0,3.0,5.0,8.0,1.0,0.0,0.428588484513015,0.3604994049013187,0.0
351,598032.0,2013.0,2.0,10.0,1.0,1.0,1.0,0.4100066438290832,0.5489430528467234,0.0
352,598033.0,2013.0,4.0,6.0,20.0,1.0,1.0,0.5553328749120067,0.46670974963104384,0.0
353,598034.0,2013.0,1.0,7.0,5.0,0.0,0.0,0.49230105177921274,0.524215430493769,1.0
354,598035.0,2013.0,3.0,11.0,8.0,1.0,0.0,0.47070000666395645,0.38198761794993963,0.0
355,598036.0,2013.0,1.0,4.0,5.0,1.0,0.0,0.40035552473402686,0.5037362518355932,0.0
356,598037.0,2013.0,5.0,11.0,6.0,1.0,0.0,0.3651360890505442,0.33260837836068746,0.0
357,598038.0,2013.0,7.0,2.0,4.0,0.0,0.0,0.5520294894441312,0.6146907730932425,0.0
358,598039.0,2013.0,3.0,1.0,8.0,1.0,1.0,0.6373121775784594,0.4414885675497922,0.0
359,598040.0,2013.0,6.0,10.0,25.0,1.0,1.0,0.4270693596890332,0.47325481172962436,0.0
360,598041.0,2013.0,5.0,2.0,6.0,0.0,1.0,0.5612202079984075,0.35375864255571526,0.0
361,598042.0,2013.0,7.0,4.0,4.0,0.0,0.0,0.39171792112060705,0.49376169088902205,0.0
362,598043.0,2013.0,10.0,3.0,24.0,1.0,0.0,0.4782089307109837,0.5442257464448738,1.0
363,598044.0,2013.0,11.0,7.0,7.0,1.0,0.0,0.4052987475609076,0.40931894785956663,0.0
364,598045.0,2013.0,6.0,1.0,25.0,1.0,0.0,0.461595391016893,0.4347952554207171,0.0
365,598046.0,2013.0,3.0,4.0,8.0,0.0,0.0,0.5668296199693532,0.32305680002447135,0.0
366,598047.0,2013.0,10.0,2.0,24.0,1.0,0.0,0.5489430528467234,0.4100066438290832,1.0
367,598048.0,2013.0,1.0,5.0,5.0,1.0,0.0,0.37456417337217834,0.46475619856437606,0.0
368,598049.0,2013.0,11.0,6.0,7.0,1.0,0.0,0.39371186788765455,0.3484866091625647,0.0
369,598050.0,2013.0,2.0,4.0,1.0,1.0,1.0,0.3516212815758747,0.5025054318071742,1.0
370,598051.0,2013.0,7.0,3.0,4.0,0.0,0.0,0.497777838377516,0.7371959121075061,0.0
371,598052.0,2013.0,5.0,10.0,6.0,1.0,0.0,0.3133306702037672,0.36297356706353856,0.0
372,598053.0,2013.0,2.0,11.0,1.0,1.0,0.0,0.3765484543490493,0.42892216857640825,0.0
373,598054.0,2013.0,5.0,6.0,6.0,1.0,0.0,0.37205241563705543,0.312193216945283,0.0
374,598055.0,2013.0,7.0,1.0,4.0,0.0,0.0,0.524215430493769,0.49230105177921274,0.0
375,598056.0,2013.0,11.0,3.0,7.0,0.0,1.0,0.38198761794993963,0.47070000666395645,1.0
376,598057.0,2013.0,4.0,5.0,2.0,1.0,1.0,0.35672040265705285,0.3758456836885912,1.0
377,598058.0,2013.0,10.0,1.0,24.0,1.0,0.0,0.4675131633310834,0.3263681292883448,1.0
378,598059.0,2013.0,6.0,2.0,3.0,0.0,1.0,0.6889637851997198,0.42542646102737075,1.0
379,598060.0,2013.0,10.0,7.0,24.0,0.0,0.0,0.5093179978119722,0.3084596292816293,1.0
380,598061.0,2013.0,4.0,11.0,2.0,0.0,1.0,0.3343920866040458,0.3731600421790168,1.0
381,598062.0,2013.0,1.0,2.0,26.0,0.0,1.0,0.6877201092315849,0.5188833440046475,0.0
382,598063.0,2013.0,5.0,3.0,6.0,0.0,1.0,0.3604994049013187,0.428588484513015,0.0
383,598064.0,2013.0,6.0,4.0,3.0,1.0,1.0,0.46670974963104384,0.5553328749120067,1.0
384,598065.0,2013.0,7.0,11.0,4.0,1.0,0.0,0.40931894785956663,0.4052987475609076,0.0
385,598066.0,2013.0,1.0,10.0,26.0,0.0,1.0,0.3263681292883448,0.4675131633310834,1.0
386,598067.0,2013.0,3.0,6.0,8.0,0.0,0.0,0.6308847352123336,0.3491075291057303,0.0
387,598068.0,2013.0,7.0,5.0,4.0,1.0,1.0,0.4377887367907313,0.544171751121335,0.0
388,598069.0,2013.0,4.0,2.0,2.0,0.0,1.0,0.5025054318071742,0.3516212815758747,0.0
389,598070.0,2013.0,11.0,5.0,7.0,0.0,0.0,0.33260837836068746,0.3651360890505442,0.0
390,598071.0,2013.0,4.0,7.0,20.0,1.0,1.0,0.49376169088902205,0.39171792112060705,0.0
391,598072.0,2013.0,10.0,6.0,24.0,0.0,0.0,0.47325481172962436,0.4270693596890332,0.0
392,598073.0,2013.0,2.0,3.0,1.0,1.0,1.0,0.43333394557548766,0.7236791496902089,0.0
393,598074.0,2013.0,11.0,1.0,7.0,1.0,0.0,0.42759888696611104,0.40916110743088424,0.0
394,598075.0,2013.0,3.0,7.0,3.0,0.0,0.0,0.7371959121075061,0.497777838377516,0.0
395,598076.0,2013.0,5.0,11.0,3.0,1.0,0.0,0.3651360890505442,0.33260837836068746,0.0
396,598077.0,2013.0,7.0,5.0,5.0,1.0,0.0,0.4377887367907313,0.544171751121335,0.0
397,598078.0,2013.0,3.0,7.0,5.0,1.0,0.0,0.7371959121075061,0.497777838377516,1.0
398,729284.0,2014.0,7.0,1.0,27.0,1.0,0.0,0.4595386920453713,0.5226496569467823,1.0
399,729286.0,2014.0,6.0,2.0,27.0,1.0,1.0,0.5092483545362136,0.29268462169200016,1.0
400,729288.0,2014.0,3.0,4.0,27.0,0.0,0.0,0.4672625084195082,0.5107616052085664,1.0
401,729290.0,2014.0,11.0,5.0,27.0,1.0,1.0,0.47295545367720127,0.5267529230693908,1.0
402,729292.0,2014.0,2.0,7.0,27.0,0.0,1.0,0.48961805846510786,0.4933502608678572,0.0
403,729294.0,2014.0,1.0,6.0,27.0,0.0,0.0,0.3071426342639074,0.4418177282206822,1.0
404,729296.0,2014.0,5.0,4.0,27.0,1.0,1.0,0.40455094605889064,0.4147943562484965,1.0
405,729298.0,2014.0,3.0,6.0,27.0,0.0,0.0,0.40302917685665607,0.5332486268183968,0.0
406,729300.0,2014.0,4.0,11.0,27.0,1.0,1.0,0.3945835244181073,0.3938783650281617,0.0
407,729302.0,2014.0,5.0,3.0,27.0,0.0,1.0,0.5108783169968769,0.5372164160560484,1.0
408,729304.0,2014.0,2.0,1.0,27.0,0.0,1.0,0.5035711222581147,0.6690881408280083,1.0
409,729306.0,2014.0,11.0,6.0,27.0,0.0,0.0,0.352035658574307,0.47273490339915253,0.0
410,729308.0,2014.0,3.0,7.0,27.0,1.0,0.0,0.6013664562066253,0.4454961747815077,0.0
411,729310.0,2014.0,5.0,2.0,27.0,0.0,1.0,0.5737946716904958,0.35529832316842735,0.0
412,729312.0,2014.0,1.0,4.0,27.0,0.0,1.0,0.36508671238566653,0.48276422994839574,1.0
413,729314.0,2014.0,6.0,7.0,27.0,1.0,0.0,0.47014041185792277,0.3276516744463166,0.0
414,729316.0,2014.0,11.0,3.0,27.0,0.0,0.0,0.5927676490150363,0.5045807436089205,1.0
415,729318.0,2014.0,4.0,2.0,27.0,0.0,1.0,0.511891480711364,0.3572948005931986,0.0
416,729320.0,2014.0,1.0,5.0,27.0,1.0,0.0,0.5067655229759372,0.493584677606424,1.0
417,729322.0,2014.0,7.0,11.0,27.0,0.0,1.0,0.3829487566746336,0.4896560368270183,1.0
418,733976.0,2014.0,3.0,1.0,26.0,0.0,0.0,0.6603284040430739,0.5926626038293556,0.0
419,733978.0,2014.0,7.0,4.0,4.0,1.0,0.0,0.37753739224520144,0.38694978138814773,0.0
420,733980.0,2014.0,6.0,5.0,3.0,1.0,1.0,0.3908946588006263,0.3769810374152416,1.0
421,733982.0,2014.0,2.0,11.0,1.0,0.0,1.0,0.5168125733844023,0.5632780991394507,0.0
422,733984.0,2014.0,5.0,1.0,17.0,1.0,1.0,0.493584677606424,0.5067655229759372,0.0
423,733986.0,2014.0,6.0,3.0,3.0,1.0,1.0,0.5332486268183968,0.40302917685665607,1.0
424,733988.0,2014.0,7.0,2.0,4.0,1.0,1.0,0.4933502608678572,0.48961805846510786,0.0
425,733990.0,2014.0,6.0,1.0,3.0,0.0,0.0,0.4418177282206822,0.3071426342639074,1.0
426,733992.0,2014.0,4.0,3.0,18.0,1.0,1.0,0.5107616052085664,0.4672625084195082,0.0
427,733994.0,2014.0,5.0,11.0,17.0,0.0,1.0,0.5267529230693908,0.47295545367720127,1.0
428,733996.0,2014.0,2.0,4.0,1.0,0.0,1.0,0.3572948005931986,0.511891480711364,1.0
429,733998.0,2014.0,6.0,11.0,3.0,1.0,1.0,0.47273490339915253,0.352035658574307,1.0
430,734000.0,2014.0,7.0,3.0,4.0,1.0,1.0,0.4454961747815077,0.6013664562066253,1.0
431,734002.0,2014.0,4.0,1.0,18.0,1.0,1.0,0.48276422994839574,0.36508671238566653,1.0
432,734004.0,2014.0,2.0,5.0,1.0,0.0,0.0,0.35529832316842735,0.5737946716904958,1.0
433,734006.0,2014.0,11.0,7.0,7.0,0.0,0.0,0.4896560368270183,0.3829487566746336,1.0
434,734008.0,2014.0,3.0,5.0,26.0,1.0,0.0,0.5372164160560484,0.5108783169968769,0.0
435,734010.0,2014.0,2.0,6.0,1.0,1.0,1.0,0.29268462169200016,0.5092483545362136,0.0
436,734012.0,2014.0,11.0,4.0,7.0,1.0,1.0,0.3938783650281617,0.3945835244181073,1.0
437,734014.0,2014.0,1.0,7.0,18.0,0.0,1.0,0.5226496569467823,0.4595386920453713,0.0
438,734016.0,2014.0,5.0,6.0,17.0,1.0,1.0,0.3769810374152416,0.3908946588006263,0.0
439,734018.0,2014.0,3.0,2.0,26.0,0.0,0.0,0.6471913208698545,0.576814577377449,1.0
440,734020.0,2014.0,11.0,1.0,7.0,0.0,0.0,0.5775853293581212,0.5354683805617472,1.0
441,734022.0,2014.0,5.0,7.0,17.0,1.0,0.0,0.5662534331235317,0.5170596858627315,1.0
442,734024.0,2014.0,6.0,4.0,3.0,1.0,1.0,0.30713182593347876,0.21390417270613923,1.0
443,734026.0,2014.0,11.0,2.0,7.0,1.0,0.0,0.5632780991394507,0.5168125733844023,0.0
444,734028.0,2014.0,1.0,3.0,5.0,0.0,1.0,0.5926626038293556,0.6603284040430739,0.0
445,734030.0,2014.0,4.0,7.0,2.0,1.0,1.0,0.38694978138814773,0.37753739224520144,1.0
446,734032.0,2014.0,1.0,2.0,5.0,1.0,1.0,0.6690881408280083,0.5035711222581147,0.0
447,734034.0,2014.0,3.0,11.0,26.0,1.0,1.0,0.5045807436089205,0.5927676490150363,1.0
448,734036.0,2014.0,7.0,6.0,4.0,1.0,1.0,0.3276516744463166,0.47014041185792277,0.0
449,734038.0,2014.0,4.0,5.0,2.0,1.0,1.0,0.4147943562484965,0.40455094605889064,0.0
450,734040.0,2014.0,2.0,3.0,1.0,1.0,1.0,0.576814577377449,0.6471913208698545,1.0
451,734042.0,2014.0,1.0,11.0,5.0,0.0,1.0,0.5354683805617472,0.5775853293581212,0.0
452,734044.0,2014.0,4.0,6.0,2.0,0.0,1.0,0.21390417270613923,0.30713182593347876,0.0
453,734046.0,2014.0,7.0,5.0,4.0,0.0,1.0,0.5170596858627315,0.5662534331235317,0.0
454,734048.0,2014.0,4.0,1.0,5.0,0.0,1.0,0.48276422994839574,0.36508671238566653,1.0
455,734050.0,2014.0,3.0,7.0,4.0,0.0,1.0,0.6013664562066253,0.4454961747815077,0.0
456,734052.0,2014.0,3.0,4.0,4.0,0.0,1.0,0.4672625084195082,0.5107616052085664,1.0
457,734054.0,2014.0,1.0,4.0,1.0,0.0,1.0,0.36508671238566653,0.48276422994839574,0.0
458,829710.0,2015.0,1.0,7.0,5.0,0.0,1.0,0.5605017037683994,0.5842868789888825,0.0
459,829712.0,2015.0,3.0,6.0,8.0,1.0,1.0,0.672507257691772,0.45436170574154106,0.0
460,829714.0,2015.0,4.0,5.0,24.0,0.0,1.0,0.6011383407137283,0.38888115351215874,1.0
461,829716.0,2015.0,3.0,11.0,8.0,0.0,0.0,0.511413994767586,0.5346748658449986,0.0
462,829718.0,2015.0,1.0,2.0,5.0,1.0,1.0,0.3954919159226659,0.4854687790744743,1.0
463,829720.0,2015.0,6.0,5.0,3.0,1.0,1.0,0.4452351552159311,0.6093577481833589,1.0
464,829722.0,2015.0,7.0,4.0,4.0,0.0,1.0,0.380878955563839,0.49860088262485835,1.0
465,829724.0,2015.0,2.0,11.0,1.0,1.0,1.0,0.49749853647643827,0.33591223086962874,1.0
466,829726.0,2015.0,5.0,7.0,17.0,1.0,0.0,0.5090807723756211,0.5066151192558339,0.0
467,829728.0,2015.0,1.0,3.0,5.0,0.0,1.0,0.5471079175042459,0.6236782538416571,0.0
468,829730.0,2015.0,4.0,6.0,24.0,0.0,0.0,0.5269551847389915,0.34320460551146864,1.0
469,829732.0,2015.0,11.0,5.0,23.0,1.0,1.0,0.4412000487036157,0.553804376026948,1.0
470,829734.0,2015.0,7.0,3.0,4.0,0.0,0.0,0.4934979295419806,0.5962173731213809,1.0
471,829736.0,2015.0,11.0,6.0,23.0,1.0,0.0,0.46738098193232147,0.4889210503211476,1.0
472,829738.0,2015.0,4.0,1.0,24.0,1.0,1.0,0.587449454589593,0.45303375370447707,1.0
473,829740.0,2015.0,5.0,3.0,17.0,1.0,0.0,0.6375925623474858,0.6070961017699686,0.0
474,829742.0,2015.0,2.0,7.0,1.0,0.0,1.0,0.5232474867707744,0.4210527109029767,1.0
475,829744.0,2015.0,6.0,1.0,3.0,1.0,1.0,0.4980735231865478,0.6387778541329118,1.0
476,829746.0,2015.0,5.0,4.0,17.0,1.0,1.0,0.38888115351215874,0.6011383407137283,1.0
477,829748.0,2015.0,11.0,1.0,23.0,1.0,1.0,0.5506391240017262,0.5618961189011694,0.0
478,829750.0,2015.0,2.0,3.0,1.0,0.0,1.0,0.5328054807254075,0.589277666067377,1.0
479,829752.0,2015.0,6.0,7.0,3.0,1.0,1.0,0.4762190785413163,0.6044244620034379,0.0
480,829754.0,2015.0,5.0,2.0,17.0,1.0,1.0,0.40342642043521804,0.48869316000264607,1.0
481,829756.0,2015.0,7.0,11.0,4.0,0.0,0.0,0.382961209355296,0.46056570111880507,0.0
482,829758.0,2015.0,3.0,4.0,8.0,0.0,0.0,0.5179113861827349,0.6105166321045662,0.0
483,829762.0,2015.0,6.0,2.0,3.0,1.0,1.0,0.3348771602095353,0.46342864523736926,1.0
484,829764.0,2015.0,4.0,11.0,2.0,0.0,1.0,0.53625103990154,0.4492359688808854,1.0
485,829766.0,2015.0,1.0,6.0,5.0,0.0,0.0,0.6387778541329118,0.4980735231865478,0.0
486,829768.0,2015.0,2.0,5.0,1.0,1.0,1.0,0.48869316000264607,0.40342642043521804,1.0
487,829770.0,2015.0,3.0,1.0,8.0,1.0,1.0,0.6236782538416571,0.5471079175042459,0.0
488,829772.0,2015.0,6.0,4.0,3.0,0.0,1.0,0.34320460551146864,0.5269551847389915,0.0
489,829774.0,2015.0,7.0,5.0,4.0,1.0,1.0,0.5066151192558339,0.5090807723756211,0.0
490,829776.0,2015.0,2.0,1.0,1.0,0.0,1.0,0.4854687790744743,0.3954919159226659,0.0
491,829778.0,2015.0,11.0,3.0,7.0,1.0,1.0,0.5346748658449986,0.511413994767586,0.0
492,829780.0,2015.0,4.0,7.0,2.0,1.0,0.0,0.49860088262485835,0.380878955563839,1.0
493,829782.0,2015.0,5.0,6.0,4.0,1.0,1.0,0.6093577481833589,0.4452351552159311,0.0
494,829784.0,2015.0,3.0,2.0,8.0,0.0,0.0,0.589277666067377,0.5328054807254075,0.0
495,829786.0,2015.0,1.0,11.0,5.0,1.0,1.0,0.5618961189011694,0.5506391240017262,0.0
496,829788.0,2015.0,7.0,6.0,4.0,1.0,0.0,0.6044244620034379,0.4762190785413163,0.0
497,829790.0,2015.0,2.0,4.0,1.0,1.0,1.0,0.384353702932012,0.48662235920813607,0.0
498,829792.0,2015.0,5.0,11.0,4.0,0.0,1.0,0.553804376026948,0.4412000487036157,1.0
499,829794.0,2015.0,3.0,7.0,8.0,0.0,0.0,0.5962173731213809,0.4934979295419806,1.0
500,829796.0,2015.0,1.0,4.0,5.0,1.0,0.0,0.45303375370447707,0.587449454589593,0.0
501,829798.0,2015.0,6.0,11.0,25.0,1.0,0.0,0.4889210503211476,0.46738098193232147,1.0
502,829800.0,2015.0,7.0,2.0,4.0,1.0,0.0,0.4210527109029767,0.5232474867707744,1.0
503,829802.0,2015.0,3.0,5.0,8.0,0.0,0.0,0.6070961017699686,0.6375925623474858,0.0
504,829804.0,2015.0,11.0,4.0,7.0,0.0,0.0,0.4492359688808854,0.53625103990154,0.0
505,829806.0,2015.0,6.0,3.0,25.0,1.0,0.0,0.45436170574154106,0.672507257691772,0.0
506,829808.0,2015.0,4.0,2.0,2.0,1.0,1.0,0.48662235920813607,0.384353702932012,0.0
507,829810.0,2015.0,7.0,1.0,4.0,1.0,1.0,0.5842868789888825,0.5605017037683994,0.0
508,829812.0,2015.0,11.0,2.0,7.0,0.0,0.0,0.33591223086962874,0.49749853647643827,1.0
509,829814.0,2015.0,4.0,3.0,2.0,0.0,0.0,0.6105166321045662,0.5179113861827349,1.0
510,829816.0,2015.0,5.0,1.0,4.0,0.0,0.0,0.5009764656968576,0.5380801624376942,0.0
511,829818.0,2015.0,2.0,6.0,1.0,0.0,1.0,0.46342864523736926,0.3348771602095353,1.0
512,829820.0,2015.0,11.0,7.0,7.0,0.0,0.0,0.46056570111880507,0.382961209355296,1.0
513,829822.0,2015.0,3.0,7.0,4.0,1.0,0.0,0.5962173731213809,0.4934979295419806,1.0
514,829824.0,2015.0,2.0,5.0,24.0,0.0,0.0,0.48869316000264607,0.40342642043521804,0.0
515,829826.0,2015.0,3.0,2.0,26.0,0.0,1.0,0.589277666067377,0.5328054807254075,0.0
516,829828.0,2015.0,7.0,3.0,5.0,1.0,1.0,0.4934979295419806,0.5962173731213809,0.0
517,980906.0,2016.0,7.0,12.0,4.0,0.0,0.0,0.4181528555854635,0.48952767297003114,1.0
518,980908.0,2016.0,1.0,6.0,5.0,0.0,1.0,0.48858073823509834,0.363223882574932,0.0
519,980910.0,2016.0,4.0,13.0,2.0,1.0,1.0,0.5311882145731107,0.48682657120152173,1.0
520,980912.0,2016.0,2.0,11.0,1.0,1.0,1.0,0.4725115876958571,0.5221193563363444,0.0
521,980914.0,2016.0,1.0,7.0,5.0,1.0,1.0,0.5377860775410543,0.41939503238516157,1.0
522,980916.0,2016.0,13.0,12.0,28.0,1.0,0.0,0.5368296500474795,0.5567712139159371,0.0
523,980918.0,2016.0,6.0,4.0,3.0,0.0,1.0,0.3183269196638181,0.4645234813795188,0.0
524,980920.0,2016.0,11.0,1.0,7.0,0.0,0.0,0.5843364895379347,0.40051128285194926,1.0
525,980922.0,2016.0,7.0,13.0,4.0,1.0,1.0,0.5276531215233656,0.551995651672643,1.0
526,980924.0,2016.0,4.0,12.0,2.0,1.0,0.0,0.3953146607047776,0.3875922823505266,0.0
527,980926.0,2016.0,2.0,6.0,1.0,1.0,1.0,0.44183954510632517,0.36266668709553507,1.0
528,980928.0,2016.0,11.0,7.0,7.0,0.0,1.0,0.41952375902718875,0.3417155488006116,0.0
529,980930.0,2016.0,4.0,1.0,2.0,1.0,1.0,0.5136038771016389,0.5327350687023404,1.0
530,980932.0,2016.0,7.0,2.0,4.0,0.0,1.0,0.49848687775488676,0.54207292461,0.0
531,980934.0,2016.0,13.0,11.0,28.0,1.0,1.0,0.3906383859772194,0.5770904283882704,1.0
532,980936.0,2016.0,12.0,2.0,24.0,0.0,1.0,0.47900408309594966,0.47502663786721633,1.0
533,980938.0,2016.0,6.0,7.0,3.0,1.0,1.0,0.4118979390673606,0.45319289024836334,0.0
534,980940.0,2016.0,11.0,4.0,7.0,0.0,1.0,0.6367287747136119,0.4305746401579082,0.0
535,980942.0,2016.0,13.0,2.0,28.0,1.0,0.0,0.5938170861105782,0.6289790080817446,0.0
536,980944.0,2016.0,12.0,1.0,24.0,1.0,1.0,0.5153065173996795,0.40438037727601506,1.0
537,980946.0,2016.0,4.0,7.0,2.0,0.0,1.0,0.4386880193426583,0.4914726543235563,1.0
538,980948.0,2016.0,11.0,12.0,7.0,1.0,1.0,0.41167776388244653,0.4543975529940557,1.0
539,980950.0,2016.0,6.0,13.0,3.0,0.0,1.0,0.5688753666571211,0.5811104354903923,1.0
540,980952.0,2016.0,7.0,1.0,4.0,0.0,1.0,0.41939503238516157,0.5377860775410543,0.0
541,980954.0,2016.0,12.0,13.0,24.0,1.0,1.0,0.5567712139159371,0.5368296500474795,1.0
542,980956.0,2016.0,6.0,1.0,3.0,1.0,1.0,0.363223882574932,0.48858073823509834,0.0
543,980958.0,2016.0,11.0,2.0,7.0,1.0,1.0,0.5221193563363444,0.4725115876958571,0.0
544,980960.0,2016.0,13.0,4.0,28.0,0.0,1.0,0.48682657120152173,0.5311882145731107,1.0
545,980962.0,2016.0,12.0,7.0,24.0,1.0,1.0,0.48952767297003114,0.4181528555854635,1.0
546,980964.0,2016.0,2.0,1.0,1.0,1.0,1.0,0.546533562570487,0.5051391417560825,1.0
547,980966.0,2016.0,13.0,6.0,28.0,1.0,1.0,0.5811104354903923,0.5688753666571211,1.0
548,980968.0,2016.0,1.0,4.0,5.0,1.0,1.0,0.5327350687023404,0.5136038771016389,0.0
549,980970.0,2016.0,6.0,12.0,3.0,1.0,1.0,0.3228374155261847,0.4573005295894186,1.0
550,980972.0,2016.0,11.0,13.0,7.0,0.0,1.0,0.5770904283882704,0.3906383859772194,0.0
551,980974.0,2016.0,2.0,12.0,1.0,0.0,1.0,0.47502663786721633,0.47900408309594966,0.0
552,980976.0,2016.0,4.0,6.0,2.0,1.0,1.0,0.4645234813795188,0.3183269196638181,0.0
553,980978.0,2016.0,7.0,11.0,23.0,0.0,1.0,0.3417155488006116,0.41952375902718875,1.0
554,980980.0,2016.0,1.0,13.0,5.0,1.0,1.0,0.5677034070120669,0.6028448453556046,1.0
555,980982.0,2016.0,4.0,2.0,2.0,0.0,1.0,0.5259862774136557,0.46058415325577123,1.0
556,980984.0,2016.0,12.0,11.0,23.0,1.0,0.0,0.4543975529940557,0.41167776388244653,1.0
557,980986.0,2016.0,2.0,7.0,1.0,1.0,1.0,0.54207292461,0.49848687775488676,1.0
558,980988.0,2016.0,11.0,6.0,7.0,1.0,1.0,0.4968017480879975,0.3473961467067034,1.0
559,980990.0,2016.0,7.0,4.0,23.0,0.0,0.0,0.4914726543235563,0.4386880193426583,1.0
560,980992.0,2016.0,2.0,13.0,1.0,1.0,1.0,0.6289790080817446,0.5938170861105782,0.0
561,980994.0,2016.0,1.0,12.0,5.0,1.0,0.0,0.40438037727601506,0.5153065173996795,0.0
562,980996.0,2016.0,4.0,11.0,2.0,0.0,0.0,0.4305746401579082,0.6367287747136119,1.0
563,980998.0,2016.0,7.0,6.0,23.0,1.0,1.0,0.45319289024836334,0.4118979390673606,0.0
564,981000.0,2016.0,1.0,2.0,5.0,1.0,1.0,0.5051391417560825,0.546533562570487,1.0
565,981002.0,2016.0,12.0,6.0,23.0,0.0,1.0,0.4573005295894186,0.3228374155261847,0.0
566,981004.0,2016.0,2.0,4.0,1.0,1.0,1.0,0.46058415325577123,0.5259862774136557,0.0
567,981006.0,2016.0,13.0,1.0,29.0,0.0,1.0,0.6028448453556046,0.5677034070120669,0.0
568,981008.0,2016.0,6.0,11.0,25.0,0.0,1.0,0.3473961467067034,0.4968017480879975,0.0
569,981010.0,2016.0,12.0,4.0,23.0,1.0,0.0,0.3875922823505266,0.3953146607047776,0.0
570,981012.0,2016.0,13.0,7.0,29.0,0.0,1.0,0.551995651672643,0.5276531215233656,0.0
571,981014.0,2016.0,1.0,11.0,5.0,1.0,1.0,0.40051128285194926,0.5843364895379347,0.0
572,981016.0,2016.0,6.0,2.0,25.0,1.0,1.0,0.36266668709553507,0.44183954510632517,1.0
573,981018.0,2016.0,13.0,2.0,1.0,1.0,1.0,0.5938170861105782,0.6289790080817446,1.0
574,981020.0,2016.0,11.0,1.0,3.0,1.0,1.0,0.5843364895379347,0.40051128285194926,0.0
575,981022.0,2016.0,13.0,11.0,3.0,1.0,1.0,0.3906383859772194,0.5770904283882704,1.0
576,981024.0,2016.0,2.0,11.0,1.0,1.0,0.0,0.4725115876958571,0.5221193563363444,1.0
577,1082591.0,2017.0,11.0,2.0,0.0,1.0,1.0,0.42335584314510977,0.5604365542097018,0.0
578,1082592.0,2017.0,12.0,7.0,24.0,1.0,1.0,0.604621802019445,0.34804363775028613,0.0
579,1082593.0,2017.0,13.0,1.0,28.0,1.0,1.0,0.61004269806038,0.5463968715203747,1.0
580,1082594.0,2017.0,4.0,12.0,22.0,0.0,1.0,0.2643120378670362,0.367207300264805,0.0
581,1082595.0,2017.0,2.0,6.0,1.0,0.0,1.0,0.43659358703848805,0.39217646744972806,0.0
582,1082596.0,2017.0,11.0,13.0,0.0,0.0,1.0,0.45619587686971724,0.5154388033396202,0.0
583,1082597.0,2017.0,7.0,1.0,4.0,0.0,1.0,0.4462402065868447,0.6472017845388587,0.0
584,1082598.0,2017.0,4.0,2.0,22.0,1.0,1.0,0.5268586024330758,0.4301441520335896,0.0
585,1082599.0,2017.0,12.0,6.0,24.0,0.0,1.0,0.5047547613705955,0.28605422392412533,1.0
586,1082600.0,2017.0,7.0,11.0,4.0,0.0,1.0,0.37083194132500763,0.46155089708542907,0.0
587,1082601.0,2017.0,1.0,4.0,5.0,0.0,1.0,0.46318833186807784,0.4552463622302659,0.0
588,1082602.0,2017.0,2.0,7.0,1.0,1.0,1.0,0.6681222311997544,0.4616066509324356,1.0
589,1082603.0,2017.0,13.0,12.0,28.0,0.0,1.0,0.42626219996495235,0.47374647009018706,0.0
590,1082604.0,2017.0,1.0,11.0,5.0,1.0,1.0,0.5225887633745351,0.47958986095137934,0.0
591,1082605.0,2017.0,6.0,4.0,3.0,0.0,1.0,0.3206106070721121,0.43097249246135705,0.0
592,1082606.0,2017.0,7.0,13.0,4.0,0.0,1.0,0.48361981249523356,0.7460745644264748,0.0
593,1082607.0,2017.0,2.0,12.0,1.0,0.0,1.0,0.4214251133551085,0.45253624534112175,1.0
594,1082608.0,2017.0,6.0,1.0,3.0,0.0,1.0,0.3421004745725741,0.4810171475015344,1.0
595,1082609.0,2017.0,11.0,4.0,0.0,1.0,1.0,0.3829756025145972,0.5010238737624522,0.0
596,1082610.0,2017.0,13.0,2.0,28.0,0.0,1.0,0.5027120565744223,0.700046386064382,1.0
597,1082611.0,2017.0,11.0,6.0,0.0,0.0,1.0,0.41697717709910936,0.2850258769730374,0.0
598,1082612.0,2017.0,4.0,7.0,22.0,1.0,1.0,0.6114636930232709,0.39988702126428244,1.0
599,1082613.0,2017.0,1.0,13.0,5.0,1.0,1.0,0.5463968715203747,0.61004269806038,1.0
600,1082614.0,2017.0,7.0,6.0,4.0,1.0,1.0,0.4037450811776379,0.45325551265026226,0.0
601,1082615.0,2017.0,12.0,11.0,24.0,0.0,1.0,0.37519264328481944,0.366361612169905,0.0
602,1082616.0,2017.0,13.0,4.0,28.0,0.0,1.0,0.451576040339241,0.5289554587391507,1.0
603,1082617.0,2017.0,1.0,2.0,5.0,1.0,1.0,0.43939104579651345,0.5434353428610171,0.0
604,1082618.0,2017.0,7.0,12.0,4.0,0.0,1.0,0.34804363775028613,0.604621802019445,1.0
605,1082619.0,2017.0,2.0,11.0,1.0,1.0,1.0,0.5604365542097018,0.42335584314510977,1.0
606,1082620.0,2017.0,12.0,1.0,24.0,1.0,1.0,0.30195800923812843,0.4044710668552876,1.0
607,1082621.0,2017.0,2.0,13.0,1.0,1.0,1.0,0.700046386064382,0.5027120565744223,1.0
608,1082622.0,2017.0,1.0,6.0,5.0,0.0,1.0,0.4810171475015344,0.3421004745725741,0.0
609,1082623.0,2017.0,4.0,11.0,32.0,0.0,1.0,0.5010238737624522,0.3829756025145972,1.0
610,1082624.0,2017.0,12.0,2.0,24.0,1.0,1.0,0.45253624534112175,0.4214251133551085,0.0
611,1082625.0,2017.0,13.0,7.0,28.0,0.0,1.0,0.7460745644264748,0.48361981249523356,1.0
612,1082626.0,2017.0,4.0,6.0,32.0,0.0,1.0,0.43097249246135705,0.3206106070721121,0.0
613,1082627.0,2017.0,11.0,1.0,0.0,1.0,1.0,0.47958986095137934,0.5225887633745351,0.0
614,1082628.0,2017.0,7.0,2.0,4.0,1.0,1.0,0.4616066509324356,0.6681222311997544,0.0
615,1082629.0,2017.0,12.0,13.0,24.0,0.0,1.0,0.47374647009018706,0.42626219996495235,0.0
616,1082630.0,2017.0,6.0,11.0,3.0,0.0,1.0,0.2850258769730374,0.41697717709910936,0.0
617,1082631.0,2017.0,1.0,12.0,5.0,1.0,1.0,0.4044710668552876,0.30195800923812843,1.0
618,1082632.0,2017.0,6.0,13.0,3.0,0.0,1.0,0.5798556269074141,0.5423631278707489,0.0
619,1082633.0,2017.0,2.0,4.0,1.0,0.0,1.0,0.4301441520335896,0.5268586024330758,1.0
620,1082634.0,2017.0,11.0,12.0,0.0,0.0,1.0,0.366361612169905,0.37519264328481944,1.0
621,1082635.0,2017.0,6.0,7.0,3.0,0.0,1.0,0.45325551265026226,0.4037450811776379,1.0
622,1082636.0,2017.0,2.0,1.0,1.0,1.0,1.0,0.5434353428610171,0.43939104579651345,1.0
623,1082637.0,2017.0,4.0,13.0,32.0,1.0,1.0,0.5289554587391507,0.451576040339241,1.0
624,1082638.0,2017.0,11.0,7.0,0.0,1.0,1.0,0.46155089708542907,0.37083194132500763,0.0
625,1082639.0,2017.0,4.0,1.0,32.0,1.0,1.0,0.4552463622302659,0.46318833186807784,0.0
626,1082640.0,2017.0,13.0,6.0,29.0,1.0,1.0,0.5423631278707489,0.5798556269074141,1.0
627,1082641.0,2017.0,7.0,4.0,4.0,0.0,1.0,0.39988702126428244,0.6114636930232709,1.0
628,1082642.0,2017.0,6.0,12.0,3.0,0.0,1.0,0.28605422392412533,0.5047547613705955,0.0
629,1082643.0,2017.0,13.0,11.0,29.0,1.0,1.0,0.5154388033396202,0.45619587686971724,1.0
630,1082644.0,2017.0,1.0,7.0,5.0,0.0,1.0,0.6472017845388587,0.4462402065868447,1.0
631,1082645.0,2017.0,12.0,4.0,24.0,0.0,1.0,0.367207300264805,0.2643120378670362,0.0
632,1082646.0,2017.0,6.0,2.0,3.0,1.0,1.0,0.39217646744972806,0.43659358703848805,1.0
633,1082647.0,2017.0,7.0,12.0,4.0,0.0,1.0,0.34804363775028613,0.604621802019445,1.0
634,1082648.0,2017.0,11.0,1.0,1.0,1.0,1.0,0.47958986095137934,0.5225887633745351,1.0
635,1082649.0,2017.0,7.0,1.0,1.0,0.0,1.0,0.4462402065868447,0.6472017845388587,0.0
636,1082650.0,2017.0,7.0,12.0,0.0,0.0,1.0,0.34804363775028613,0.604621802019445,0.0
