,Player_Id,Player_Name,No_of_Matches,Bat,Bowl,is_bowler,T_Score,T_Score1,Bat1,T_Score2,Bat2,MPlayed_2007,Team_2008,MPlayed_2008,Team_2009,MPlayed_2009,Team_2010,MPlayed_2010,Team_2011,MPlayed_2011,Team_2012,MPlayed_2012,Team_2013,MPlayed_2013,Team_2014,MPlayed_2014,Team_2015,MPlayed_2015,Team_2016,MPlayed_2016,Team_2017,MPlayed_2017,Team_2018,MPlayed_2018,Team_2019
0,1,SC Ganguly,57,1326,280,0,1349,721,714,628,612,0,1,13,1,25,1,39,10,29,10,32,0,18,0,15,0,0,0,0,0,0,0,0,0
1,2,BB McCullum,104,2181,0,0,2755,1558,1242,1195,934,0,1,4,7,17,1,22,9,31,1,30,1,27,3,28,3,30,13,44,13,41,2,41,0
2,3,RT Ponting,9,129,0,0,91,59,85,32,44,0,1,4,0,4,0,4,0,0,0,0,7,5,0,5,0,5,0,0,0,0,0,0,0
3,4,DJ Hussey,63,1101,323,0,1322,739,635,583,466,0,1,13,1,17,1,23,4,18,4,30,4,36,3,32,0,16,0,4,0,0,0,0,0
4,5,Mohammad Hafeez,8,84,63,1,64,38,59,26,25,0,1,8,0,8,0,8,0,0,0,0,0,0,0,0,0,0,0,0,0,0,0,0,0
5,6,R Dravid,88,1918,0,0,2170,1001,906,1169,1012,0,2,14,2,27,2,42,5,40,5,43,5,46,0,34,0,18,0,0,0,0,0,0,0
6,7,W Jaffer,8,129,0,0,130,52,51,78,78,0,2,6,2,8,0,8,0,2,0,0,0,0,0,0,0,0,0,0,0,0,0,0,0
7,8,V Kohli,144,3494,264,0,4413,2387,1880,2021,1612,0,2,12,2,27,2,41,2,45,2,45,2,47,2,45,2,46,2,46,2,42,2,42,2
8,9,JH Kallis,98,2291,1799,1,2427,934,853,1493,1438,0,2,11,2,26,2,42,1,46,1,48,1,48,1,41,0,24,0,8,0,0,0,0,0
9,10,CL White,47,774,46,0,971,666,481,288,288,0,2,8,0,8,2,15,8,13,8,26,11,32,0,26,0,13,0,0,0,0,0,0,0
10,11,MV Boucher,29,318,0,0,394,150,137,244,181,0,2,10,2,22,2,26,1,19,0,7,0,3,0,0,0,0,0,0,0,0,0,0,0
11,12,B Akhil,15,57,193,1,76,31,28,45,29,0,2,7,2,13,2,14,9,8,0,2,0,1,0,0,0,0,0,0,0,0,0,0,0
12,13,AA Noffke,1,12,25,1,9,0,0,9,12,0,2,1,0,1,0,1,0,0,0,0,0,0,0,0,0,0,0,0,0,0,0,0,0
13,14,P Kumar,119,323,2636,1,340,188,180,152,143,0,2,13,2,26,2,38,4,38,4,41,4,44,7,34,11,30,13,31,13,34,0,34,0
14,15,Z Khan,99,141,2276,1,117,61,56,56,85,0,2,11,1,17,7,31,2,35,2,44,2,32,7,23,6,15,6,25,6,30,0,30,0
15,16,SB Joshi,4,16,55,1,6,3,8,3,8,0,2,4,0,4,0,4,0,0,0,0,0,0,0,0,0,0,0,0,0,0,0,0,0
16,17,PA Patel,117,2060,0,0,2322,1062,931,1260,1129,0,3,13,3,22,3,26,9,26,8,30,11,39,2,38,7,39,7,36,7,40,2,40,2
17,18,ML Hayden,32,839,0,0,1107,617,466,490,372,0,3,4,3,16,3,32,0,28,0,16,0,0,0,0,0,0,0,0,0,0,0,0,0
18,19,MEK Hussey,58,1648,0,0,1977,1313,1056,664,592,0,3,3,0,3,3,6,3,17,3,25,3,39,7,34,3,30,0,13,0,4,0,4,0
19,20,MS Dhoni,151,2680,0,0,3560,2232,1646,1328,1034,0,3,14,3,28,3,41,3,40,3,44,3,48,3,50,3,49,12,46,12,47,3,47,3
20,21,SK Raina,158,3369,924,0,4548,2647,1993,1893,1373,0,3,15,3,29,3,45,3,46,3,50,3,51,3,51,3,50,13,48,13,46,3,46,3
21,22,JDP Oram,15,110,244,1,106,97,102,9,8,0,3,4,3,12,0,12,5,10,0,2,7,3,0,1,0,1,0,0,0,0,0,0,0
22,23,S Badrinath,73,1245,0,0,1441,908,784,533,461,0,3,12,3,25,3,40,3,42,3,39,3,33,0,19,0,9,0,0,0,0,0,0,0
23,24,K Goel,20,239,67,0,218,121,117,97,122,0,4,7,4,16,4,20,0,13,0,4,0,0,0,0,0,0,0,0,0,0,0,0,0
24,25,JR Hopes,20,314,369,1,417,154,125,263,189,0,4,11,0,11,0,11,6,9,0,9,0,9,0,0,0,0,0,0,0,0,0,0,0
25,26,KC Sangakkara,68,1424,0,0,1687,1088,902,599,522,0,4,9,4,22,4,34,8,38,8,37,11,34,0,21,0,9,0,0,0,0,0,0,0
26,27,Yuvraj Singh,118,2050,869,1,2591,1413,1040,1174,1008,0,4,15,4,29,4,43,10,42,0,28,10,27,2,27,6,40,11,37,11,34,4,34,7
27,28,SM Katich,11,191,0,0,237,11,13,226,178,0,4,2,4,11,0,11,0,9,0,0,0,0,0,0,0,0,0,0,0,0,0,0,0
28,29,IK Pathan,102,985,2113,1,1150,562,502,577,479,0,4,14,4,28,4,42,6,41,6,44,6,45,11,42,0,25,12,14,13,5,0,5,0
29,30,T Kohli,8,20,0,0,11,11,20,0,0,0,5,5,4,8,0,8,0,3,0,0,0,0,0,0,0,0,0,0,0,0,0,0,0
30,31,YK Pathan,142,2076,1166,1,2922,1172,883,1732,1189,0,5,16,5,29,5,43,1,42,1,46,1,48,1,45,1,41,1,39,1,39,11,39,11
31,32,SR Watson,102,1949,1960,1,2624,1255,962,1363,983,0,5,15,0,15,5,21,5,17,5,24,5,34,5,36,5,39,2,39,2,34,3,34,3
32,33,M Kaif,27,258,0,0,259,87,96,172,162,0,5,15,0,15,4,20,2,11,2,12,0,7,0,1,0,0,0,0,0,0,0,0,0
33,34,DS Lehmann,2,19,0,0,18,1,2,17,17,0,5,2,0,2,0,2,0,0,0,0,0,0,0,0,0,0,0,0,0,0,0,0,0
34,35,RA Jadeja,135,1457,1962,1,1732,942,781,790,676,0,5,13,5,26,0,26,9,27,3,31,3,49,3,51,3,51,13,48,13,44,3,44,3
35,36,M Rawat,15,70,0,0,55,6,14,49,56,0,5,9,5,13,0,13,0,4,0,0,10,2,0,2,0,2,0,0,0,0,0,0,0
36,37,D Salunkhe,5,24,51,1,33,26,20,7,4,0,5,5,0,5,0,5,0,0,0,0,0,0,0,0,0,0,0,0,0,0,0,0,0
37,38,SK Warne,55,219,1223,1,198,83,105,115,114,0,5,15,5,28,5,42,5,40,0,27,0,13,0,0,0,0,0,0,0,0,0,0,0
38,39,SK Trivedi,76,61,1557,1,42,21,30,21,31,0,5,15,5,22,5,33,5,30,5,37,5,43,0,31,0,17,0,0,0,0,0,0,0
39,40,G Gambhir,147,3433,0,0,4132,1699,1356,2433,2077,0,6,14,6,29,6,39,1,40,1,42,1,48,1,49,1,45,1,44,1,44,6,44,0
40,41,V Sehwag,104,1833,138,0,2728,1301,927,1427,906,0,6,14,6,25,6,39,6,36,6,41,6,40,4,46,4,38,0,25,0,8,0,8,0
41,42,S Dhawan,127,3005,49,0,3561,2262,1857,1299,1148,0,6,14,7,18,7,29,8,29,8,40,11,39,11,39,11,38,11,45,11,45,11,45,6
42,43,L Ronchi,5,37,0,0,34,21,24,13,13,0,7,4,7,5,0,5,0,1,0,0,0,0,0,0,0,0,0,0,0,0,0,0,0
43,44,ST Jayasuriya,30,573,301,1,768,449,348,319,225,0,7,14,7,26,6,30,0,16,0,4,0,0,0,0,0,0,0,0,0,0,0,0,0
44,45,DJ Thornely,5,54,44,1,39,38,48,1,6,0,7,5,0,5,0,5,0,0,0,0,0,0,0,0,0,0,0,0,0,0,0,0,0
45,46,RV Uthappa,146,2960,0,0,3778,1516,1263,2262,1697,0,7,14,2,28,2,44,10,43,10,45,10,45,1,48,1,45,1,44,1,41,1,41,1
46,47,PR Shah,14,96,0,0,92,57,71,35,25,0,7,5,7,12,0,12,5,9,0,2,0,2,0,0,0,0,0,0,0,0,0,0,0
47,48,AM Nayar,51,588,239,0,672,357,308,315,280,0,7,10,1,21,7,24,4,23,4,16,10,23,5,18,0,14,0,4,0,0,0,0,0
48,49,SM Pollock,13,116,280,1,147,108,76,39,40,0,7,13,0,13,0,13,0,0,0,0,0,0,0,0,0,0,0,0,0,0,0,0,0
49,50,Harbhajan Singh,136,591,2989,1,799,447,313,352,278,0,7,3,1,16,7,31,7,43,7,47,7,51,7,50,7,48,7,43,7,40,3,40,3
50,51,S Chanderpaul,3,33,0,0,25,2,9,23,24,0,2,3,0,3,0,3,0,0,0,0,0,0,0,0,0,0,0,0,0,0,0,0,0
51,52,LRPL Taylor,55,847,13,0,1017,308,293,709,554,0,2,4,2,15,2,22,5,30,6,31,10,29,6,21,0,9,0,4,0,0,0,0,0
52,53,AC Gilchrist,80,1554,1,0,2069,943,763,1126,791,0,8,14,8,30,8,46,4,46,4,37,4,34,0,20,0,13,0,0,0,0,0,0,0
53,54,Y Venugopal Rao,58,865,222,0,985,521,476,464,389,0,8,10,8,25,8,30,6,34,6,26,0,21,11,14,0,7,0,7,0,0,0,0,0
54,55,VVS Laxman,20,271,0,0,282,147,146,135,125,0,8,6,8,11,8,17,9,14,0,9,0,3,0,0,0,0,0,0,0,0,0,0,0
55,56,A Symonds,36,781,540,1,974,622,472,352,309,0,8,3,8,11,8,27,7,33,0,25,0,9,0,0,0,0,0,0,0,0,0,0,0
56,57,RG Sharma,156,3274,342,0,4207,2344,1726,1863,1548,0,8,13,8,29,8,45,7,46,7,47,7,50,7,51,7,50,7,45,7,46,7,46,7
57,58,SB Styris,12,134,222,1,131,59,50,72,84,0,8,8,8,10,0,10,3,4,0,2,0,2,0,0,0,0,0,0,0,0,0,0,0
58,59,SB Bangar,11,58,153,1,49,28,38,21,20,0,8,10,1,11,0,11,0,1,0,0,0,0,0,0,0,0,0,0,0,0,0,0,0
59,60,WPUJC Vaas,13,73,288,1,81,62,58,19,15,0,8,5,8,7,8,13,0,8,0,6,0,0,0,0,0,0,0,0,0,0,0,0,0
60,61,RP Singh,82,78,1874,1,52,29,36,23,42,0,8,14,8,30,8,42,9,42,7,37,2,36,0,22,0,11,12,4,0,4,0,4,0
61,62,WP Saha,92,1219,0,0,1557,1026,797,531,422,0,1,12,1,20,1,29,3,21,3,15,3,9,4,19,4,31,4,40,4,40,11,40,11
62,63,LR Shukla,46,358,326,1,399,262,209,137,149,0,1,13,1,23,1,27,1,15,1,15,1,14,6,18,0,8,0,5,0,0,0,0,0
63,64,DPMD Jayawardene,80,1522,0,0,1808,760,660,1042,860,0,4,13,4,23,4,36,9,36,6,42,6,44,0,31,0,15,0,0,0,0,0,0,0
64,65,S Sohal,20,311,0,0,368,184,162,184,149,0,4,2,4,10,0,10,8,18,0,10,0,10,0,0,0,0,0,0,0,0,0,0,0
65,66,B Lee,38,102,916,1,124,64,53,60,49,0,4,4,4,9,4,13,1,21,1,26,1,25,0,13,0,3,0,0,0,0,0,0,0
66,67,PP Chawla,129,467,2594,1,515,280,266,235,201,0,4,15,4,29,4,43,4,40,4,42,4,44,1,43,1,40,1,36,1,31,1,31,1
67,68,WA Mota,11,76,75,1,56,48,62,8,14,0,4,4,4,11,0,11,0,7,0,0,0,0,0,0,0,0,0,0,0,0,0,0,0
68,69,Kamran Akmal,6,78,0,0,128,53,28,75,50,0,5,6,0,6,0,6,0,0,0,0,0,0,0,0,0,0,0,0,0,0,0,0,0
69,70,Shahid Afridi,10,46,185,1,81,27,23,54,23,0,8,10,0,10,0,10,0,0,0,0,0,0,0,0,0,0,0,0,0,0,0,0,0
70,71,DJ Bravo,105,1032,2110,1,1262,729,562,533,470,0,7,9,1,20,7,30,3,27,3,34,3,42,3,37,3,36,13,33,0,32,3,32,3
71,72,MA Khote,3,22,30,1,24,7,10,17,12,0,7,3,0,3,0,3,0,0,0,0,0,0,0,0,0,0,0,0,0,0,0,0,0
72,73,A Nehra,88,63,1974,1,41,6,19,35,44,0,7,14,6,27,6,31,0,17,10,17,6,23,3,27,3,30,11,28,11,30,0,30,0
73,74,GC Smith,29,690,0,0,739,369,292,370,398,0,5,11,5,23,5,25,10,18,0,6,0,4,0,0,0,0,0,0,0,0,0,0,0
74,75,Pankaj Singh,17,12,311,1,7,1,2,6,10,0,5,5,2,8,2,10,5,6,5,9,0,7,0,6,0,0,0,0,0,0,0,0,0
75,76,RR Sarwan,4,78,0,0,73,7,9,66,69,0,4,4,0,4,0,4,0,0,0,0,0,0,0,0,0,0,0,0,0,0,0,0,0
76,77,S Sreesanth,44,57,947,1,34,18,39,16,18,0,4,15,4,22,4,28,9,22,0,15,5,16,0,7,0,7,0,0,0,0,0,0,0
77,78,VRV Singh,18,3,371,1,4,4,2,0,1,0,4,13,4,17,4,18,0,5,0,1,0,0,0,0,0,0,0,0,0,0,0,0,0
78,79,SS Tiwary,68,1110,0,0,1270,740,593,530,517,0,7,2,7,5,7,21,2,32,2,41,2,32,0,19,6,13,12,14,7,15,0,15,0
79,80,DS Kulkarni,72,101,1484,1,90,16,14,74,87,0,7,10,7,18,7,19,7,15,7,9,7,14,5,16,5,25,13,33,13,31,5,31,5
80,81,R Vinay Kumar,103,285,2161,1,304,152,126,152,159,0,2,9,2,20,2,34,9,38,2,41,2,43,1,39,7,38,7,25,7,17,1,17,0
81,82,AB Agarkar,42,160,820,1,179,117,98,62,62,0,1,9,1,20,1,27,6,25,6,18,6,15,0,8,0,4,0,0,0,0,0,0,0
82,83,M Kartik,56,109,1182,1,113,78,73,35,36,0,1,6,1,16,1,26,10,26,10,27,2,28,4,24,0,13,0,2,0,0,0,0,0
83,84,I Sharma,76,59,1713,1,45,21,26,24,33,0,1,13,1,24,1,31,8,30,0,19,11,28,11,19,11,23,12,11,4,14,0,14,0
84,85,AM Rahane,108,2602,6,0,3057,1623,1339,1434,1263,0,7,3,7,10,0,10,5,15,5,24,5,42,5,46,5,44,12,40,12,44,5,44,5
85,86,Shoaib Malik,7,49,58,1,52,28,27,24,22,0,6,7,0,7,0,7,0,0,0,0,0,0,0,0,0,0,0,0,0,0,0,0,0
86,87,MK Tiwary,88,1444,38,0,1648,855,727,793,717,0,6,8,6,10,1,22,1,28,1,42,1,40,6,34,6,22,0,12,12,18,4,18,0
87,88,KD Karthik,146,2360,0,0,2903,1611,1291,1292,1069,0,6,10,6,24,7,38,4,42,7,43,7,48,6,48,2,49,13,46,13,46,1,46,1
88,89,R Bhatia,95,290,1661,1,342,168,131,174,159,0,6,9,6,17,6,22,1,27,1,36,1,46,5,44,5,29,12,24,12,15,0,15,0
89,90,MF Maharoof,20,124,441,1,177,97,63,80,61,0,6,10,6,13,6,20,0,10,0,7,0,0,0,0,0,0,0,0,0,0,0,0,0
90,91,VY Mahesh,17,28,359,1,15,6,6,9,22,0,6,11,6,12,6,13,0,2,3,5,0,4,0,4,0,0,0,0,0,0,0,0,0
91,92,TM Srivastava,4,11,0,0,8,1,1,7,10,0,4,3,4,4,0,4,0,1,0,0,0,0,0,0,0,0,0,0,0,0,0,0,0
92,93,B Chipli,22,256,6,0,280,158,140,122,116,0,2,4,0,4,0,4,8,13,8,17,6,18,0,5,0,1,0,0,0,0,0,0,0
93,94,DW Steyn,90,161,2159,1,166,91,69,75,92,0,2,10,2,13,2,28,8,30,8,39,11,41,11,43,11,37,13,21,0,7,0,7,0
94,95,DB Das,24,267,0,0,304,184,166,120,101,0,1,6,0,6,0,6,0,0,1,10,1,18,0,18,0,8,0,0,0,0,0,0,0
95,96,MK Pandey,96,1901,0,0,2223,1011,838,1204,1060,0,7,2,2,6,2,19,10,26,10,31,10,25,1,32,1,35,1,39,1,36,11,36,11
96,97,HH Gibbs,36,837,0,0,886,472,421,414,416,0,8,9,8,23,8,33,0,24,7,13,0,3,0,3,0,0,0,0,0,0,0,0,0
97,98,DNT Zoysa,3,9,69,1,11,1,2,10,7,0,8,3,0,3,0,3,0,0,0,0,0,0,0,0,0,0,0,0,0,0,0,0,0
98,99,D Kalyankrishna,3,8,50,1,3,3,8,0,0,0,8,3,0,3,0,3,0,0,0,0,0,0,0,0,0,0,0,0,0,0,0,0,0
99,100,SE Marsh,71,1913,0,0,2489,1417,1120,1060,788,0,4,11,0,11,4,15,4,18,4,31,4,35,4,23,4,14,4,12,4,19,0,19,0
100,101,SA Asnodkar,20,352,0,0,423,264,203,159,149,0,5,9,5,17,5,19,5,11,0,3,0,1,0,0,0,0,0,0,0,0,0,0,0
101,102,Sohail Tanvir,11,31,265,1,36,14,14,22,17,0,5,11,0,11,0,11,0,0,0,0,0,0,0,0,0,0,0,0,0,0,0,0,0
102,103,Salman Butt,7,172,0,0,193,162,144,31,28,0,1,7,0,7,0,7,0,0,0,0,0,0,0,0,0,0,0,0,0,0,0,0,0
103,104,BJ Hodge,64,1153,238,0,1400,654,568,746,585,0,1,3,1,15,1,19,9,30,5,30,5,41,5,31,0,19,0,4,0,0,0,0,0
104,105,Umar Gul,6,19,153,1,39,13,6,26,13,0,1,6,0,6,0,6,0,0,0,0,0,0,0,0,0,0,0,0,0,0,0,0,0
105,106,AB Dinda,76,50,1589,1,26,7,22,19,28,0,1,13,1,21,1,28,6,20,10,19,10,25,2,29,2,24,12,20,12,14,0,14,0
106,107,SP Fleming,10,171,0,0,196,54,66,142,105,0,3,10,0,10,0,10,0,0,0,0,0,0,0,0,0,0,0,0,0,0,0,0,0
107,108,S Vidyut,8,115,13,0,145,99,80,46,35,0,3,8,0,8,0,8,0,0,0,0,0,0,0,0,0,0,0,0,0,0,0,0,0
108,109,JA Morkel,90,712,1806,1,975,515,397,459,314,0,3,13,3,25,3,39,3,41,3,44,3,38,2,30,6,19,12,13,0,6,0,6,0
109,110,AB de Villiers,125,2402,0,0,3486,2128,1344,1345,1054,0,6,7,6,21,7,28,2,37,2,37,2,44,2,41,2,42,2,44,2,40,2,40,2
110,111,LPC Silva,3,27,6,0,40,23,12,17,15,0,8,3,0,3,0,3,0,0,0,0,0,0,0,0,0,0,0,0,0,0,0,0,0
111,112,DB Ravi Teja,28,325,18,0,375,227,184,148,141,0,8,6,8,13,0,13,8,18,8,13,11,15,0,4,0,2,0,0,0,0,0,0,0
112,113,Misbah-ul-Haq,8,82,0,0,117,83,53,34,29,0,2,8,0,8,0,8,0,0,0,0,0,0,0,0,0,0,0,0,0,0,0,0,0
113,114,YV Takawale,16,183,0,0,192,62,61,130,122,0,7,7,7,11,0,11,0,4,0,0,0,0,2,5,0,5,0,5,0,0,0,0,0
114,115,RR Raje,10,18,144,1,20,9,11,11,7,0,7,6,7,10,0,10,0,4,0,0,0,0,0,0,0,0,0,0,0,0,0,0,0
115,116,PJ Sangwan,39,36,836,1,24,12,13,12,23,0,6,7,6,20,6,28,0,21,1,10,1,4,0,4,0,2,13,2,13,7,7,7,0
116,117,Mohammad Asif,8,6,199,1,3,0,0,3,6,0,6,8,0,8,0,8,0,0,0,0,0,0,0,0,0,0,0,0,0,0,0,0,0
117,118,GD McGrath,14,5,329,1,4,0,0,4,5,0,6,14,0,14,0,14,0,0,0,0,0,0,0,0,0,0,0,0,0,0,0,0,0
118,119,Joginder Sharma,16,30,272,1,36,16,11,20,19,0,3,8,3,12,3,15,3,8,0,4,0,1,0,0,0,0,0,0,0,0,0,0,0
119,120,MS Gony,44,76,925,1,99,68,40,31,36,0,3,16,3,23,3,26,8,13,8,12,4,17,0,14,0,8,0,0,13,1,0,1,0
120,121,M Muralitharan,66,30,1581,1,20,13,18,7,12,0,3,15,3,28,3,40,9,30,2,27,2,21,2,21,0,11,0,5,0,0,0,0,0
121,122,M Ntini,9,19,213,1,11,11,13,0,6,0,3,9,0,9,0,9,0,0,0,0,0,0,0,0,0,0,0,0,0,0,0,0,0
122,123,DT Patil,2,13,0,0,13,4,1,9,12,0,2,2,0,2,0,2,0,0,0,0,0,0,0,0,0,0,0,0,0,0,0,0,0
123,124,A Kumble,42,49,983,1,35,11,16,24,33,0,2,10,2,26,2,42,0,32,0,16,0,0,0,0,0,0,0,0,0,0,0,0,0
124,125,S Anirudha,17,121,0,0,136,109,99,27,22,0,3,1,0,1,3,4,3,11,3,14,3,12,11,5,0,2,0,1,0,0,0,0,0
125,126,MM Patel,63,41,1381,1,39,10,18,29,23,0,5,15,5,26,5,30,7,30,7,31,7,31,0,16,0,4,0,0,13,2,0,2,0
126,127,CK Kapugedera,4,24,17,0,16,8,15,8,9,0,3,4,0,4,0,4,0,0,0,0,0,0,0,0,0,0,0,0,0,0,0,0,0
127,128,A Chopra,7,75,0,0,53,51,72,2,3,0,1,5,1,7,0,7,0,2,0,0,0,0,0,0,0,0,0,0,0,0,0,0,0
128,129,T Taibu,3,26,0,0,31,31,26,0,0,0,1,3,0,3,0,3,0,0,0,0,0,0,0,0,0,0,0,0,0,0,0,0,0
129,130,J Arunkumar,3,24,0,0,23,1,3,22,21,0,2,3,0,3,0,3,0,0,0,0,0,0,0,0,0,0,0,0,0,0,0,0,0
130,131,PP Ojha,90,45,1945,1,16,12,30,4,15,0,8,12,8,27,8,43,8,41,7,35,7,34,7,36,7,28,0,13,0,1,0,1,0
131,132,SP Goswami,21,260,0,0,241,191,205,50,55,0,2,4,2,6,2,7,1,8,5,15,0,14,0,9,0,0,0,0,0,0,11,0,11
132,133,SR Tendulkar,78,2043,37,0,2329,1232,1061,1097,982,0,7,7,1,20,7,35,7,44,7,44,7,43,0,27,0,14,0,0,0,0,0,0,0
133,134,U Kaul,2,1,0,0,0,0,0,0,1,0,4,2,0,2,0,2,0,0,0,0,0,0,0,0,0,0,0,0,0,0,0,0,0
134,135,TM Dilshan,52,1047,275,0,1159,579,530,580,517,0,6,7,6,21,6,27,2,30,2,26,2,25,0,15,0,5,0,0,0,0,0,0,0
135,136,A Mishra,126,382,2703,1,340,139,173,201,209,0,6,6,6,17,6,31,8,39,8,42,11,45,11,41,6,39,6,36,6,40,6,40,6
136,137,AD Mascarenhas,13,79,310,1,79,44,47,35,32,0,5,1,5,6,5,8,0,7,4,6,4,5,0,5,0,1,0,0,0,0,0,0,0
137,138,NK Patel,7,124,0,0,121,14,22,107,102,0,5,4,5,7,0,7,0,3,0,0,0,0,0,0,0,0,0,0,0,0,0,0,0
138,139,LA Pomersbach,18,251,0,0,302,119,85,183,166,0,4,5,4,9,0,9,2,9,0,6,4,9,0,4,0,3,0,0,0,0,0,0,0
139,140,Iqbal Abdulla,48,86,943,1,88,9,14,79,72,0,1,1,0,1,1,4,1,18,1,26,1,28,5,14,2,11,2,14,2,15,0,15,0
140,141,Younis Khan,1,7,0,0,3,0,0,3,7,0,5,1,0,1,0,1,0,0,0,0,0,0,0,0,0,0,0,0,0,0,0,0,0
141,142,PM Sarvesh Kumar,2,2,31,1,1,0,0,1,2,0,8,2,0,2,0,2,0,0,0,0,0,0,0,0,0,0,0,0,0,0,0,0,0
142,143,DP Vijaykumar,9,1,158,1,1,0,0,1,1,0,8,9,0,9,0,9,0,0,0,0,0,0,0,0,0,0,0,0,0,0,0,0,0
143,144,Shoaib Akhtar,3,8,46,1,2,2,8,0,0,0,1,3,0,3,0,3,0,0,0,0,0,0,0,0,0,0,0,0,0,0,0,0,0
144,145,Abdur Razzak,1,2,14,1,0,0,0,0,2,0,2,1,0,1,0,1,0,0,0,0,0,0,0,0,0,0,0,0,0,0,0,0,0
145,146,H Das,1,5,0,0,2,0,0,2,5,0,8,1,0,1,0,1,0,0,0,0,0,0,0,0,0,0,0,0,0,0,0,0,0
146,147,DR Smith,91,1803,557,1,2385,1105,914,1280,889,0,7,4,8,12,8,15,0,11,7,10,7,20,3,36,3,45,13,44,13,40,0,40,0
147,148,SD Chitnis,10,92,38,0,99,62,60,37,32,0,7,3,5,4,0,4,4,2,4,6,0,6,0,5,0,0,0,0,0,0,0,0,0
148,149,CRD Fernando,10,3,249,1,4,0,0,4,3,0,7,5,0,5,7,10,0,5,0,5,0,0,0,0,0,0,0,0,0,0,0,0,0
149,150,VS Yeligati,2,2,32,1,2,0,0,2,2,0,7,2,0,2,0,2,0,0,0,0,0,0,0,0,0,0,0,0,0,0,0,0,0
150,151,L Balaji,73,50,1574,1,36,20,29,16,21,0,3,9,3,22,3,29,1,34,1,29,1,35,4,30,0,22,0,9,0,0,0,0,0
151,152,A Mukund,4,23,0,0,19,19,22,0,1,0,3,2,0,2,0,2,0,1,0,1,2,2,0,1,0,1,0,0,0,0,0,0,0
152,153,RR Powar,27,64,443,1,67,54,51,13,13,0,4,5,4,14,4,21,9,21,4,13,0,6,0,1,0,0,0,0,0,0,0,0,0
153,154,JP Duminy,78,1634,683,1,1993,1329,1052,664,582,0,0,0,7,13,7,21,8,31,8,27,0,19,6,23,6,28,6,38,0,24,7,24,0
154,155,A Flintoff,3,57,66,1,62,22,14,40,43,0,0,0,3,3,0,3,0,3,0,0,0,0,0,0,0,0,0,0,0,0,0,0,0
155,156,T Thushara,6,19,144,1,12,9,13,3,6,0,0,0,3,2,3,6,0,6,0,4,0,0,0,0,0,0,0,0,0,0,0,0,0
156,157,JD Ryder,29,466,241,1,604,297,219,307,247,0,0,0,2,5,0,5,10,18,10,24,0,24,0,11,0,0,0,0,0,0,0,0,0
157,158,KP Pietersen,36,758,180,0,1001,361,272,640,486,0,0,0,2,6,2,13,0,13,6,15,0,8,6,19,0,11,12,15,0,4,0,4,0
158,159,T Henderson,2,16,36,1,11,0,1,11,15,0,0,0,5,2,0,2,0,2,0,0,0,0,0,0,0,0,0,0,0,0,0,0,0
159,160,Kamran Khan,9,5,177,1,3,0,0,3,5,0,0,0,5,5,5,8,10,9,0,4,0,1,0,0,0,0,0,0,0,0,0,0,0
160,161,RS Bopara,24,468,213,1,531,298,274,233,194,0,0,0,4,5,4,15,0,15,0,10,0,0,0,0,11,9,0,9,0,9,0,9,0
161,162,CH Gayle,100,2531,579,0,3647,2003,1338,1619,1181,0,0,0,1,7,1,16,2,28,2,35,2,42,2,39,2,39,2,33,2,33,4,33,4
162,163,MC Henriques,58,769,918,1,969,713,546,256,223,0,0,0,1,4,6,5,0,5,0,1,2,10,11,15,11,24,11,31,11,38,0,38,4
163,164,R Bishnoi,3,17,0,0,19,18,14,1,3,0,0,0,2,3,0,3,0,3,0,0,0,0,0,0,0,0,0,0,0,0,0,0,0
164,165,FH Edwards,6,5,150,1,4,4,5,0,0,0,0,0,8,6,0,6,0,6,0,0,0,0,0,0,0,0,0,0,0,0,0,0,0
165,166,KV Sharma,56,285,1046,1,317,128,123,189,162,0,0,0,2,1,0,1,0,1,0,0,11,13,11,27,11,41,11,33,7,28,3,28,0
166,167,PC Valthaty,23,432,153,1,501,201,210,300,222,0,0,0,5,2,0,2,4,16,4,20,4,21,0,7,0,1,0,0,0,0,0,0,0
167,168,RJ Quiney,7,105,0,0,103,58,44,45,61,0,0,0,5,7,0,7,0,7,0,0,0,0,0,0,0,0,0,0,0,0,0,0,0
168,169,AS Raut,22,172,30,0,194,79,74,115,98,0,0,0,5,9,5,16,5,22,0,13,0,6,0,0,0,0,0,0,0,0,0,0,0
169,170,Yashpal Singh,5,67,0,0,47,13,21,34,46,0,0,0,7,5,0,5,0,5,0,0,0,0,0,0,0,0,0,0,0,0,0,0,0
170,171,M Manhas,41,486,42,0,514,222,201,292,285,0,0,1,6,8,6,16,10,25,10,25,10,19,3,15,0,8,0,6,0,0,0,0,0
171,172,AA Bilakhia,7,88,0,0,69,29,41,40,47,0,0,0,8,6,8,7,0,7,0,1,0,0,0,0,0,0,0,0,0,0,0,0,0
172,173,AN Ghosh,2,8,0,0,7,7,7,0,1,0,0,0,1,2,0,2,0,2,0,0,0,0,0,0,0,0,0,0,0,0,0,0,0
173,174,BAW Mendis,10,6,248,1,3,1,1,2,5,0,1,1,1,5,1,7,0,6,0,2,10,3,0,3,0,3,0,0,0,0,0,0,0
174,175,DL Vettori,34,118,785,1,121,59,59,62,59,0,6,2,6,9,6,12,2,23,2,25,0,22,0,9,0,0,0,0,0,0,0,0,0
175,176,MN van Wyk,5,135,0,0,167,135,98,32,37,0,0,0,1,5,0,5,0,5,0,0,0,0,0,0,0,0,0,0,0,0,0,0,0
176,177,RE van der Merwe,21,144,455,1,159,96,81,63,63,0,0,0,2,10,2,11,6,15,6,8,6,10,0,6,0,3,0,0,0,0,0,0,0
177,178,TL Suman,43,587,152,0,676,286,221,390,366,0,0,0,8,12,8,26,7,34,7,24,10,17,0,9,0,7,0,0,0,0,0,0,0
178,179,Shoaib Ahmed,7,6,103,1,1,0,3,1,3,0,0,0,8,7,0,7,0,7,0,0,0,0,0,0,0,0,0,0,0,0,0,0,0
179,180,GR Napier,1,16,24,1,15,15,16,0,0,0,0,0,7,1,0,1,0,1,0,0,0,0,0,0,0,0,0,0,0,0,0,0,0
180,181,KP Appanna,15,4,222,1,2,0,1,2,3,0,0,0,2,5,2,8,0,8,2,10,0,7,0,7,0,0,0,0,0,0,0,0,0
181,182,LA Carseldine,5,71,7,0,81,25,17,56,54,0,0,0,5,5,0,5,0,5,0,0,0,0,0,0,0,0,0,0,0,0,0,0,0
182,183,NV Ojha,100,1356,0,0,1553,828,717,725,639,0,0,0,5,8,5,22,6,36,6,45,6,33,11,29,11,24,11,37,11,35,6,35,0
183,184,SM Harwood,3,14,67,1,9,6,7,3,7,0,0,0,5,3,0,3,0,3,0,0,0,0,0,0,0,0,0,0,0,0,0,0,0
184,185,M Vijay,100,2092,37,0,2511,1476,1164,1035,928,0,0,0,3,4,3,19,3,35,3,45,3,45,6,40,4,37,4,36,0,25,3,25,3
185,186,SB Jakati,58,30,1101,1,28,28,30,0,0,0,0,0,3,8,3,19,3,34,3,41,0,30,2,16,0,1,13,7,13,8,0,8,0
186,187,DA Warner,115,2902,0,0,4014,2118,1548,1896,1353,0,0,0,6,8,6,19,6,32,6,32,6,37,11,38,11,44,11,45,11,45,0,45,11
187,188,RJ Harris,37,112,865,1,117,59,49,58,63,0,0,0,8,8,8,16,4,29,4,26,4,21,0,8,0,3,0,0,0,0,0,0,0
188,189,D du Preez,2,13,43,1,10,10,13,0,0,0,0,0,2,2,0,2,0,2,0,0,0,0,0,0,0,0,0,0,0,0,0,0,0
189,190,M Morkel,70,93,1699,1,126,10,20,116,73,0,0,0,5,2,5,4,6,15,6,29,6,37,1,38,1,29,1,29,0,17,0,17,0
190,191,AD Mathews,46,599,807,1,724,410,325,314,274,0,0,0,1,1,1,13,0,13,10,21,10,20,0,20,6,22,0,11,6,13,0,13,0
191,192,J Botha,34,364,709,1,409,138,131,271,233,0,0,0,5,3,0,3,5,13,5,21,6,27,0,17,1,10,0,4,0,4,0,4,0
192,193,C Nanda,3,1,50,1,0,0,0,0,1,0,0,0,7,3,0,3,0,3,0,0,0,0,0,0,0,0,0,0,0,0,0,0,0
193,194,SL Malinga,110,103,2694,1,88,18,26,70,77,0,0,0,1,13,7,26,7,42,7,43,7,47,7,41,7,42,0,25,7,27,0,27,7
194,195,Mashrafe Mortaza,1,2,28,1,2,2,2,0,0,0,0,0,1,1,0,1,0,1,0,0,0,0,0,0,0,0,0,0,0,0,0,0,0
195,196,A Singh,23,10,486,1,2,1,4,1,6,0,0,0,5,5,0,5,5,14,5,18,0,18,0,9,0,0,0,0,0,0,0,0,0
196,197,GJ Bailey,39,552,0,0,663,417,311,246,241,0,0,0,3,2,3,4,0,4,0,2,0,0,4,17,4,30,12,35,0,18,0,18,0
197,198,AB McDonald,10,103,188,1,123,74,57,49,46,0,0,0,6,1,6,5,6,6,2,8,2,5,0,4,0,1,0,0,0,0,0,0,0
198,199,Y Nagar,23,271,72,0,285,152,166,133,105,0,0,0,6,1,6,3,6,13,6,22,0,20,0,10,0,0,0,0,0,0,0,0,0
199,200,SS Shaikh,1,7,0,0,6,0,0,6,7,0,0,0,1,1,0,1,0,1,0,0,0,0,0,0,0,0,0,0,0,0,0,0,0
200,201,R Ashwin,110,246,2359,1,231,85,99,146,147,0,0,0,3,2,3,14,3,30,3,46,3,52,3,52,3,48,12,44,0,28,4,28,4
201,202,Mohammad Ashraful,1,12,0,0,2,2,12,0,0,0,0,0,7,1,0,1,0,1,0,0,0,0,0,0,0,0,0,0,0,0,0,0,0
202,203,CA Pujara,23,403,0,0,390,208,214,182,189,0,0,0,0,0,1,6,2,10,2,13,2,11,4,13,0,10,0,6,0,0,0,0,0
203,204,OA Shah,23,405,0,0,506,373,296,133,109,0,0,0,0,0,1,5,9,8,5,21,5,18,0,15,0,2,0,0,0,0,0,0,0
204,205,Anirudh Singh,5,69,0,0,63,40,43,23,26,0,0,0,0,0,8,5,0,5,0,5,0,0,0,0,0,0,0,0,0,0,0,0,0
205,206,Jaskaran Singh,8,11,111,1,8,3,3,5,8,0,0,0,8,2,8,8,0,8,0,6,0,0,0,0,0,0,0,0,0,0,0,0,0
206,207,AP Tare,30,285,0,0,339,197,175,142,110,0,0,0,0,0,7,5,0,5,0,5,7,5,7,18,7,20,11,17,6,7,0,7,7
207,208,AT Rayudu,110,1964,0,0,2416,1313,1040,1103,924,0,0,0,0,0,7,14,7,30,7,45,7,50,7,49,7,48,7,41,7,31,3,31,3
208,209,R Sathish,31,236,144,0,270,117,110,153,126,0,0,0,0,0,7,11,7,17,0,17,4,14,0,8,0,8,1,6,0,6,0,6,0
209,210,R McLaren,18,178,372,1,159,119,124,40,54,0,0,0,0,0,7,10,4,16,0,16,1,8,0,2,0,2,0,0,0,0,0,0,0
210,211,AA Jhunjhunwala,21,218,88,0,217,142,134,75,84,0,0,0,0,0,5,13,10,16,8,21,0,8,0,5,0,0,0,0,0,0,0,0,0
211,212,P Dogra,14,141,0,0,127,63,81,64,60,0,0,0,0,0,5,9,0,9,4,13,1,5,0,5,0,1,0,0,0,0,0,0,0
212,213,A Uniyal,2,7,38,1,4,4,6,0,1,0,0,0,0,0,5,2,0,2,0,2,0,0,0,0,0,0,0,0,0,0,0,0,0
213,214,MS Bisla,39,737,0,0,798,268,242,530,495,0,0,0,0,0,4,10,1,15,1,22,1,26,1,22,2,17,0,3,0,2,0,2,0
214,215,YA Abdulla,11,1,222,1,0,0,1,0,0,0,0,0,4,9,4,11,0,11,0,2,0,0,0,0,0,0,0,0,0,0,0,0,0
215,216,EJG Morgan,48,725,0,0,854,399,335,455,390,0,0,0,0,0,2,5,1,15,0,15,1,23,0,13,11,22,11,16,4,20,0,20,0
216,217,JM Kemp,5,25,47,1,26,0,0,26,25,0,0,0,0,0,3,5,0,5,0,5,0,0,0,0,0,0,0,0,0,0,0,0,0
217,218,S Tyagi,14,4,220,1,3,0,0,3,4,0,0,0,3,8,3,14,0,14,0,6,0,0,0,0,0,0,0,0,0,0,0,0,0
218,219,RS Gavaskar,2,8,6,0,2,0,0,2,8,0,0,0,0,0,1,2,0,2,0,2,0,0,0,0,0,0,0,0,0,0,0,0,0
219,220,SE Bond,8,2,191,1,1,0,0,1,2,0,0,0,0,0,1,8,0,8,0,8,0,0,0,0,0,0,0,0,0,0,0,0,0
220,221,KA Pollard,122,1674,1276,1,2354,1271,919,1073,752,0,0,0,0,0,7,14,7,30,7,44,7,48,7,47,7,49,7,43,7,45,7,45,7
221,222,S Ladda,9,10,141,1,0,0,0,0,10,0,0,0,0,0,6,5,1,7,0,7,1,3,0,1,0,1,13,1,0,1,0,1,0
222,223,DP Nannes,29,13,689,1,4,0,0,4,13,0,0,0,6,13,6,22,2,24,0,11,3,7,0,5,0,5,0,0,0,0,0,0,0
223,224,MJ Lumb,12,198,0,0,278,105,86,173,112,0,0,0,0,0,5,11,8,12,0,12,0,1,0,0,0,0,0,0,0,0,0,0,0
224,225,DR Martyn,1,26,0,0,19,19,26,0,0,0,0,0,0,0,5,1,0,1,0,1,0,0,0,0,0,0,0,0,0,0,0,0,0
225,226,S Narwal,7,29,113,1,37,25,19,12,10,0,0,0,0,0,5,5,0,5,0,5,1,2,0,2,0,2,0,0,0,0,0,0,0
226,227,AB Barath,3,43,0,0,42,0,0,42,43,0,0,0,0,0,4,3,0,3,0,3,0,0,0,0,0,0,0,0,0,0,0,0,0
227,228,Bipul Sharma,30,124,436,1,187,68,50,119,74,0,0,0,0,0,4,4,4,8,4,13,4,10,0,6,11,4,11,9,11,16,0,16,0
228,229,FY Fazal,13,179,12,0,183,161,143,22,36,0,0,0,0,0,5,11,5,13,0,13,0,2,0,0,0,0,0,0,0,0,0,0,0
229,230,AC Voges,8,143,56,1,181,138,99,43,44,0,0,0,0,0,5,8,0,8,0,8,0,0,0,0,0,0,0,0,0,0,0,0,0
230,231,MD Mishra,17,213,0,0,237,88,85,149,128,0,0,0,0,0,8,11,10,16,10,17,0,6,0,1,0,0,0,0,0,0,0,0,0
231,232,UT Yadav,99,135,2033,1,143,60,61,83,74,0,8,6,0,6,6,13,6,13,6,30,6,39,1,45,1,40,1,33,1,35,2,35,2
232,233,J Theron,10,13,235,1,10,0,2,10,11,0,0,0,0,0,4,7,0,7,8,9,0,2,0,2,5,1,0,1,0,1,0,1,0
233,234,SJ Srivastava,14,5,306,1,5,5,4,0,1,0,0,0,0,0,4,8,4,14,0,14,0,6,0,0,0,0,0,0,0,0,0,0,0
234,235,R Sharma,44,77,935,1,66,40,36,26,41,0,0,0,0,0,8,6,10,20,10,31,10,36,6,24,0,13,0,2,0,0,0,0,0
235,236,Mandeep Singh,63,938,0,0,1112,581,518,531,420,0,0,0,0,0,1,2,4,7,4,23,4,36,4,34,2,28,0,14,2,22,2,22,4
236,237,KM Jadhav,60,684,0,0,893,580,435,313,249,0,0,0,0,0,6,5,9,9,0,9,6,15,6,21,6,35,2,27,2,30,3,30,3
237,238,SW Tait,21,26,534,1,23,12,14,11,12,0,0,0,0,0,5,8,5,12,5,18,5,13,0,9,0,3,0,0,0,0,0,0,0
238,239,KB Arun Karthik,14,53,0,0,51,24,27,27,26,0,0,0,0,0,3,1,2,5,0,5,2,13,0,9,0,9,0,0,0,0,0,0,0
239,240,KAJ Roach,2,9,52,1,10,0,0,10,9,0,0,0,0,0,8,2,0,2,0,2,0,0,0,0,0,0,0,0,0,0,0,0,0
240,241,PD Collingwood,8,159,90,1,203,148,108,55,51,0,0,0,0,0,6,8,0,8,0,8,0,0,0,0,0,0,0,0,0,0,0,0,0
241,242,CK Langeveldt,7,9,165,1,8,0,0,8,9,0,0,0,1,1,1,4,2,7,0,6,0,3,0,0,0,0,0,0,0,0,0,0,0
242,243,VS Malik,13,7,212,1,7,6,5,1,2,0,0,0,4,5,4,8,4,9,0,4,5,4,5,4,0,4,0,1,0,0,0,0,0
243,244,A Mithun,16,26,312,1,34,8,5,26,21,0,0,0,2,1,2,2,2,14,2,14,2,14,0,2,0,1,0,0,0,0,0,0,0
244,245,AP Dole,3,23,73,1,34,4,4,30,19,0,0,0,0,0,5,3,0,3,0,3,0,0,0,0,0,0,0,0,0,0,0,0,0
245,246,AN Ahmed,17,27,362,1,36,4,2,32,25,0,0,0,0,0,7,1,7,7,7,8,7,9,2,7,2,9,0,7,0,3,0,3,0
246,247,RS Sodhi,2,2,0,0,4,0,0,4,2,0,0,0,0,0,4,2,0,2,0,2,0,0,0,0,0,0,0,0,0,0,0,0,0
247,248,DE Bollinger,27,23,600,1,21,21,22,0,1,0,0,0,0,0,3,8,3,21,3,27,0,19,0,6,0,0,0,0,0,0,0,0,0
248,249,S Sriram,2,38,18,1,31,0,0,31,38,0,0,0,0,0,2,1,6,2,0,2,0,1,0,0,0,0,0,0,0,0,0,0,0
249,250,B Sumanth,5,38,0,0,35,13,16,22,22,0,0,0,0,0,8,5,0,5,0,5,0,0,0,0,0,0,0,0,0,0,0,0,0
250,251,C Madan,1,21,0,0,15,15,21,0,0,0,0,0,0,0,7,1,0,1,0,1,0,0,0,0,0,0,0,0,0,0,0,0,0
251,252,AG Paunikar,5,61,0,0,49,24,34,25,27,0,0,0,0,0,5,1,5,5,0,5,0,4,0,0,0,0,0,0,0,0,0,0,0
252,253,MR Marsh,20,201,327,1,225,120,109,105,92,0,0,0,0,0,8,3,10,8,0,8,10,14,0,9,0,9,12,3,0,3,0,3,0
253,254,AJ Finch,64,1270,44,0,1604,851,682,752,584,0,0,0,0,0,5,1,6,7,6,9,10,22,11,29,7,30,13,28,13,28,4,28,0
254,255,STR Binny,76,619,554,1,766,390,298,376,321,0,0,0,0,0,7,1,5,6,5,14,5,30,5,38,5,43,2,38,2,32,5,32,5
255,256,Harmeet Singh,28,12,574,1,18,14,6,4,6,0,0,0,8,7,8,15,8,17,4,17,4,13,0,11,0,4,0,0,0,0,0,0,0
256,257,IR Jaggi,7,100,0,0,76,68,83,8,17,0,0,0,0,0,0,0,8,2,8,5,0,5,0,3,0,0,0,0,1,2,0,2,0
257,258,DT Christian,37,351,747,1,420,296,254,124,97,0,0,0,0,0,0,0,8,14,8,21,2,24,0,10,0,3,0,0,12,13,6,13,0
258,259,RV Gomez,13,53,97,1,50,50,52,0,1,0,0,0,0,0,0,0,9,11,0,11,10,13,0,2,0,2,0,0,0,0,0,0,0
259,260,MA Agarwal,49,692,0,0,814,369,332,445,360,0,0,0,0,0,0,0,2,7,2,20,2,25,6,26,6,23,6,21,12,16,4,16,4
260,261,AUK Pathan,7,26,41,0,39,2,7,37,19,0,0,0,0,0,0,0,2,5,2,7,0,7,0,2,0,0,0,0,0,0,0,0,0
261,262,UBT Chand,22,314,0,0,300,124,138,176,176,0,0,0,0,0,0,0,6,2,6,4,6,13,5,12,7,17,7,9,0,8,0,8,0
262,263,DJ Jacobs,7,101,0,0,92,69,78,23,23,0,0,0,0,0,0,0,7,6,7,7,0,7,0,1,0,0,0,0,0,0,0,0,0
263,264,Sunny Singh,6,31,0,0,43,17,11,26,20,0,0,0,0,0,0,0,4,6,0,6,0,6,0,0,0,0,0,0,0,0,0,0,0
264,265,NJ Rimmington,1,1,18,1,1,1,1,0,0,0,0,0,0,0,0,0,4,1,0,1,0,1,0,0,0,0,0,0,0,0,0,0,0
265,266,AL Menaria,26,367,113,0,401,250,237,151,130,0,0,0,0,0,0,0,5,12,5,25,5,26,0,14,0,1,0,0,0,0,0,0,0
266,267,WD Parnell,27,80,601,1,63,51,55,12,25,0,0,0,0,0,0,0,10,8,10,14,10,18,6,19,0,13,0,9,0,0,0,0,0
267,268,JJ van der Wath,3,17,76,1,18,0,0,18,17,0,0,0,0,0,0,0,2,3,0,3,0,3,0,0,0,0,0,0,0,0,0,0,0
268,269,R Ninan,2,6,36,1,3,0,0,3,6,0,0,0,0,0,0,0,2,2,0,2,0,2,0,0,0,0,0,0,0,0,0,0,0
269,270,S Aravind,38,59,788,1,59,9,17,50,42,0,0,0,0,0,0,0,2,13,2,14,0,14,0,1,2,5,2,14,2,24,0,24,0
270,271,MS Wade,3,33,0,0,22,19,29,3,4,0,0,0,0,0,0,0,6,3,0,3,0,3,0,0,0,0,0,0,0,0,0,0,0
271,272,TD Paine,2,29,0,0,10,2,9,8,20,0,0,0,0,0,0,0,10,2,0,2,0,2,0,0,0,0,0,0,0,0,0,0,0
272,273,SB Wagh,8,3,108,1,2,2,2,0,1,0,0,0,0,0,5,1,10,8,0,8,0,7,0,0,0,0,0,0,0,0,0,0,0
273,274,AC Thomas,15,19,327,1,20,0,2,20,17,0,0,0,0,0,0,0,10,11,10,15,0,15,0,4,0,0,0,0,0,0,0,0,0
274,275,JEC Franklin,19,309,155,1,321,118,88,203,221,0,0,0,0,0,0,0,7,7,7,19,0,19,0,12,0,0,0,0,0,0,0,0,0
275,276,Shakib Al Hasan,44,401,947,1,500,297,239,201,160,0,0,0,0,0,0,0,1,8,1,16,0,16,1,21,1,17,1,27,1,15,11,15,11
276,277,DH Yagnik,23,142,0,0,170,138,104,32,38,0,0,0,0,0,0,0,5,7,5,11,5,22,5,16,0,12,0,1,0,0,0,0,0
277,278,S Randiv,8,4,180,1,2,0,0,2,4,0,0,0,0,0,0,0,3,8,0,8,0,8,0,0,0,0,0,0,0,0,0,0,0
278,279,BJ Haddin,1,11,0,0,18,18,11,0,0,0,0,0,0,0,0,0,1,1,0,1,0,1,0,0,0,0,0,0,0,0,0,0,0
279,280,NLTC Perera,38,325,715,1,423,216,178,205,145,0,0,0,0,0,3,1,9,5,7,8,11,23,0,19,4,18,12,14,0,14,0,14,0
280,281,NL McCullum,2,23,30,1,26,11,7,15,16,0,0,0,0,0,0,0,10,2,0,2,0,2,0,0,0,0,0,0,0,0,0,0,0
281,282,JE Taylor,5,4,122,1,3,1,2,2,2,0,0,0,0,0,0,0,10,5,0,5,0,5,0,0,0,0,0,0,0,0,0,0,0
282,283,J Syed Mohammad,11,27,196,1,29,0,0,29,27,0,0,0,0,0,0,0,2,5,2,7,2,11,0,6,0,4,0,0,0,0,0,0,0
283,284,RN ten Doeschate,26,238,83,0,326,185,133,141,105,0,0,0,0,0,0,0,1,4,1,7,1,11,1,16,1,19,0,15,0,6,0,6,0
284,285,TR Birt,5,59,0,0,75,47,28,28,31,0,0,0,0,0,0,0,6,5,0,5,0,5,0,0,0,0,0,0,0,0,0,0,0
285,286,AG Murtaza,12,14,269,1,10,2,5,8,9,0,0,0,0,0,7,3,7,8,10,9,10,9,0,4,0,3,0,0,0,0,0,0,0
286,287,Harpreet Singh,3,26,0,0,20,13,19,7,7,0,0,0,0,0,0,0,10,2,10,3,0,3,0,1,0,0,0,0,0,0,0,0,0
287,288,M Klinger,4,78,0,0,73,53,51,20,27,0,0,0,0,0,0,0,9,4,0,4,0,4,0,0,0,0,0,0,0,0,0,0,0
288,289,AC Blizzard,7,91,0,0,120,43,30,77,61,0,0,0,0,0,0,0,7,6,7,7,0,7,0,1,0,0,0,0,0,0,0,0,0
289,290,I Malhotra,1,4,6,1,7,7,4,0,0,0,0,0,0,0,0,0,8,1,0,1,0,1,0,0,0,0,0,0,0,0,0,0,0
290,291,L Ablish,3,2,45,1,0,0,0,0,2,0,0,0,0,0,4,2,4,3,0,3,0,1,0,0,0,0,0,0,0,0,0,0,0
291,292,CA Ingram,3,26,0,0,21,13,12,8,14,0,0,0,0,0,0,0,6,3,0,3,0,3,0,0,0,0,0,0,0,0,0,0,6
292,293,S Nadeem,54,71,1137,1,26,9,30,17,41,0,0,0,0,0,0,0,6,5,6,17,6,29,6,35,6,26,6,18,6,14,6,14,11
293,294,P Parameswaran,8,3,159,1,1,1,1,0,2,0,0,0,0,0,0,0,9,5,2,8,0,8,0,3,0,0,0,0,0,0,0,0,0
294,295,CJ Ferguson,8,119,0,0,98,42,51,56,68,0,0,0,0,0,0,0,10,4,10,8,0,8,0,4,0,0,0,0,0,0,0,0,1
295,296,VR Aaron,40,56,904,1,46,22,30,24,26,0,0,0,0,0,0,0,6,3,6,11,0,11,2,18,2,15,2,23,4,19,0,19,5
296,297,AA Chavan,13,11,255,1,12,8,9,4,2,0,0,0,0,0,0,0,5,2,5,10,5,13,0,11,0,3,0,0,0,0,0,0,0
297,298,ND Doshi,4,13,57,1,0,0,13,0,0,0,0,0,0,0,2,1,5,4,0,4,0,3,0,0,0,0,0,0,0,0,0,0,0
298,299,B Kumar,90,160,2054,1,158,55,49,103,111,0,0,0,0,0,0,0,10,4,10,15,10,31,11,41,11,44,11,45,11,45,11,45,11
299,300,Y Gnaneswara Rao,2,18,6,0,19,0,0,19,18,0,0,0,0,0,0,0,9,2,0,2,0,2,0,0,0,0,0,0,0,0,0,0,0
300,301,S Rana,9,82,16,0,91,53,52,38,30,0,0,0,0,0,0,0,10,1,0,1,0,1,2,8,0,8,0,8,0,0,0,0,0
301,302,BA Bhatt,15,7,303,1,6,6,2,0,5,0,0,0,0,0,0,0,4,8,4,13,4,15,0,7,0,2,0,0,0,0,0,0,0
302,303,F du Plessis,50,1043,6,0,1295,639,515,656,528,0,0,0,0,0,0,0,0,1,3,13,0,13,3,26,3,30,12,36,12,23,3,23,3
303,304,RE Levi,6,74,0,0,83,30,26,53,48,0,0,0,0,0,0,0,0,0,7,6,0,6,0,6,0,0,0,0,0,0,0,0,0
304,305,GJ Maxwell,57,780,334,0,1229,671,420,557,359,0,0,0,0,0,0,0,0,0,6,2,7,5,4,21,4,30,4,38,4,36,6,36,0
305,306,SPD Smith,67,1333,2,0,1713,790,579,913,749,0,0,0,0,0,0,0,0,0,10,14,10,21,5,31,5,30,12,31,12,36,0,36,0
306,307,MN Samuels,15,174,219,1,161,116,107,45,67,0,0,0,0,0,0,0,0,0,10,8,10,10,0,10,0,2,0,0,6,5,0,5,0
307,308,SA Yadav,50,479,6,0,608,244,194,364,284,0,0,0,0,0,0,0,0,0,7,1,0,1,1,15,1,27,1,40,1,35,7,35,7
308,309,KK Cooper,25,70,600,1,116,54,31,62,39,0,0,0,0,0,0,0,0,0,5,6,5,20,5,25,0,19,0,5,0,0,0,0,0
309,310,JP Faulkner,60,406,1287,1,527,225,193,302,212,0,0,0,0,0,0,0,10,1,4,3,5,19,5,31,5,42,13,33,13,28,0,28,0
310,311,HV Patel,35,38,707,1,47,10,9,37,29,0,0,0,0,0,0,0,0,0,2,11,0,11,2,14,2,18,2,23,2,21,6,21,6
311,312,DAJ Bracewell,1,9,25,1,12,0,0,12,9,0,0,0,0,0,0,0,0,0,6,1,0,1,0,1,0,0,0,0,0,0,0,0,0
312,313,DJ Harris,6,103,18,0,111,66,59,45,44,0,0,0,0,0,0,0,0,0,8,6,0,6,0,6,0,0,0,0,0,0,0,0,0
313,314,Ankit Sharma,20,69,369,1,87,58,48,29,21,0,0,0,0,0,0,0,0,0,8,9,11,10,5,12,5,7,12,9,12,8,5,8,0
314,315,SP Narine,82,193,1956,1,271,119,85,152,108,0,0,0,0,0,0,0,0,0,1,15,1,31,1,47,1,40,1,35,1,35,1,35,1
315,316,GB Hogg,21,22,466,1,22,0,0,22,22,0,0,0,0,0,0,0,0,0,5,9,5,10,0,10,1,7,1,11,0,11,0,11,0
316,317,RR Bhatkal,1,2,12,1,0,0,2,0,0,0,0,0,0,0,0,0,0,0,2,1,0,1,0,1,0,0,0,0,0,0,0,0,0
317,318,CJ McKay,2,15,42,1,8,8,15,0,0,0,0,0,0,0,0,0,0,0,7,2,0,2,0,2,0,0,0,0,0,0,0,0,0
318,319,N Saini,10,143,0,0,140,54,57,86,86,0,0,0,0,0,0,0,0,0,4,10,0,10,0,10,0,0,0,0,0,0,0,0,0
319,320,DA Miller,66,1135,0,0,1563,674,497,889,637,0,0,0,0,0,0,0,0,0,4,7,4,19,4,35,4,41,4,43,4,31,4,31,4
320,321,Azhar Mahmood,23,311,552,1,388,236,180,152,131,0,0,0,0,0,0,0,0,0,4,11,4,22,0,22,1,12,0,1,0,1,0,1,0
321,322,P Negi,40,284,639,1,353,237,179,116,105,0,0,0,0,0,0,0,0,0,6,7,6,8,3,10,3,13,6,20,2,30,2,30,2
322,323,RJ Peterson,5,32,48,1,32,13,14,19,18,0,0,0,0,0,0,0,0,0,7,5,0,5,0,5,0,0,0,0,0,0,0,0,0
323,324,KMDN Kulasekara,5,3,107,1,5,0,0,5,3,0,0,0,0,0,0,0,3,1,3,5,0,5,0,4,0,0,0,0,0,0,0,0,0
324,325,A Ashish Reddy,28,196,270,1,280,166,115,114,81,0,0,0,0,0,0,0,0,0,8,9,11,19,0,19,11,16,11,9,0,9,0,9,0
325,326,V Pratap Singh,9,1,211,1,0,0,1,0,0,0,0,0,0,0,0,0,0,0,8,9,0,9,0,9,0,0,0,0,0,0,0,0,0
326,327,BB Samantray,8,116,0,0,125,110,102,15,14,0,0,0,0,0,0,0,0,0,8,1,11,8,0,8,0,7,0,0,0,0,0,0,0
327,328,MJ Clarke,6,96,66,1,98,16,18,82,78,0,0,0,0,0,0,0,0,0,10,6,0,6,0,6,0,0,0,0,0,0,0,0,0
328,329,Gurkeerat Singh,28,280,82,0,342,230,178,112,102,0,0,0,0,0,0,0,0,0,4,4,4,15,0,15,4,16,4,12,0,13,0,13,2
329,330,AP Majumdar,4,77,0,0,87,30,20,57,57,0,0,0,0,0,0,0,0,0,10,4,0,4,0,4,0,0,0,0,0,0,0,0,0
330,331,PA Reddy,11,167,0,0,164,48,59,116,108,0,0,0,0,0,0,0,0,0,8,4,11,11,0,11,0,7,0,0,0,0,0,0,0
331,332,K Upadhyay,3,9,56,1,12,0,0,12,9,0,0,0,0,0,0,0,0,0,10,1,10,3,0,3,0,2,0,0,0,0,0,0,0
332,333,P Awana,33,14,773,1,5,5,11,0,3,0,0,0,0,0,0,0,0,0,4,12,4,26,4,33,0,21,0,7,0,0,0,0,0
333,334,AD Russell,34,350,651,1,574,209,118,365,232,0,0,0,0,0,0,0,0,0,6,4,6,7,1,9,1,18,1,27,0,25,1,25,1
334,335,A Chandila,12,7,234,1,4,4,7,0,0,0,0,0,0,0,0,0,0,0,5,4,5,12,0,12,0,8,0,0,0,0,0,0,0
335,336,CA Lynn,12,260,0,0,384,91,78,293,182,0,0,0,0,0,0,0,0,0,8,1,0,1,1,3,0,2,1,4,1,9,1,9,1
336,337,Sunny Gupta,1,1,19,1,0,0,0,0,1,0,0,0,0,0,0,0,0,0,6,1,0,1,0,1,0,0,0,0,0,0,0,0,0
337,338,MC Juneja,7,134,0,0,125,54,69,71,65,0,0,0,0,0,0,0,0,0,0,0,6,7,0,7,0,7,0,0,0,0,0,0,0
338,339,KK Nair,52,929,0,0,1158,528,437,630,492,0,0,0,0,0,0,0,0,0,0,0,2,2,5,13,5,26,6,36,6,39,4,39,4
339,340,GH Vihari,21,323,37,0,280,105,131,175,192,0,0,0,0,0,0,0,0,0,0,0,11,17,0,17,11,21,0,4,0,4,0,4,6
340,341,MDKJ Perera,2,13,0,0,14,14,13,0,0,0,0,0,0,0,0,0,0,0,0,0,5,2,0,2,0,2,0,0,0,0,0,0,0
341,342,R Shukla,8,23,130,1,19,3,5,16,18,0,0,0,0,0,0,0,0,0,7,1,5,5,6,8,0,7,0,3,0,0,0,0,0
342,343,B Laughlin,2,9,45,1,4,0,0,4,9,0,0,0,0,0,0,0,0,0,0,0,3,2,0,2,0,2,0,0,0,0,5,0,0
343,344,AS Rajpoot,11,13,184,1,6,4,7,2,6,0,0,0,0,0,0,0,0,0,0,0,3,2,0,2,0,2,1,4,1,9,4,9,4
344,345,M Vohra,43,750,0,0,957,487,417,470,333,0,0,0,0,0,0,0,0,0,0,0,4,11,4,19,4,26,4,22,4,24,2,24,5
345,346,JD Unadkat,46,13,995,1,5,4,8,1,5,0,0,0,0,0,1,3,1,9,1,10,2,20,6,23,6,23,1,11,12,14,5,14,5
346,347,Mohammed Shami,31,46,659,1,46,7,16,39,30,0,0,0,0,0,0,0,0,0,0,0,1,3,6,15,0,15,6,20,6,16,6,16,4
347,348,BMAJ Mendis,3,27,30,1,23,11,9,12,18,0,0,0,0,0,0,0,0,0,0,0,6,3,0,3,0,3,0,0,0,0,0,0,0
348,349,R Rampaul,12,52,278,1,51,16,27,35,25,0,0,0,0,0,0,0,0,0,0,0,2,10,2,12,0,12,0,2,0,0,0,0,0
349,350,CH Morris,48,275,1042,1,439,172,112,267,163,0,0,0,0,0,0,0,0,0,0,0,3,16,0,16,5,27,6,23,6,32,6,32,6
350,351,SV Samson,66,1165,0,0,1426,649,509,777,656,0,0,0,0,0,0,0,0,0,0,0,5,11,5,24,5,38,6,41,6,42,5,42,5
351,352,SMSM Senanayake,8,17,195,1,10,7,13,3,4,0,0,0,0,0,0,0,0,0,0,0,1,8,0,8,0,8,0,0,0,0,0,0,0
352,353,BJ Rohrer,8,146,7,0,193,91,69,102,76,0,0,0,0,0,0,0,0,0,0,0,6,8,0,8,0,8,0,0,0,0,0,0,0
353,354,KL Rahul,35,592,0,0,725,450,366,275,226,0,0,0,0,0,0,0,0,0,0,0,2,4,11,14,11,22,2,31,0,21,4,21,4
354,355,Q de Kock,26,566,0,0,726,247,205,479,361,0,0,0,0,0,0,0,0,0,0,0,11,3,6,10,6,13,6,23,0,16,2,16,7
355,356,R Dhawan,26,135,513,1,153,86,69,67,66,0,0,0,0,0,0,0,0,0,0,0,7,6,4,19,4,24,4,20,0,7,0,7,0
356,357,MG Johnson,48,157,1168,1,151,96,99,55,58,0,0,0,0,0,0,0,0,0,0,0,7,17,4,31,4,40,4,26,7,17,1,17,0
357,358,LJ Wright,7,63,75,1,106,78,35,28,28,0,0,0,0,0,0,0,0,0,10,1,10,7,0,7,0,6,0,0,0,0,0,0,0
358,359,IC Pandey,24,2,469,1,0,0,0,0,2,0,0,0,0,0,0,0,0,0,0,0,10,2,3,14,3,24,0,22,0,10,0,10,6
359,360,CM Gautam,13,158,0,0,169,78,74,91,84,0,0,0,0,0,0,0,0,0,0,0,6,3,7,12,6,13,0,10,0,1,0,1,0
360,361,X Thalaivan Sargunam,1,17,0,0,10,10,17,0,0,0,0,0,0,0,0,0,0,0,0,0,11,1,0,1,0,1,0,0,0,0,0,0,0
361,362,DJG Sammy,22,251,244,1,295,220,188,75,63,0,0,0,0,0,0,0,0,0,0,0,11,10,11,20,2,22,0,12,0,2,0,2,0
362,363,KW Richardson,14,39,326,1,36,9,17,27,22,0,0,0,0,0,0,0,0,0,0,0,10,3,5,10,0,10,2,11,0,4,0,4,0
363,364,MM Sharma,75,104,1566,1,112,47,49,65,55,0,0,0,0,0,0,0,0,0,0,0,3,15,3,31,3,47,4,46,4,44,4,44,3
364,365,UA Birla,2,15,0,0,7,0,0,7,15,0,0,0,0,0,0,0,0,0,0,0,10,2,0,2,0,2,0,0,0,0,0,0,0
365,366,Parvez Rasool,11,20,200,1,17,4,5,13,15,0,0,0,0,0,0,0,0,0,0,0,10,2,11,5,11,7,2,9,0,6,0,6,0
366,367,Sandeep Sharma,56,36,1273,1,26,4,8,22,28,0,0,0,0,0,0,0,0,0,0,0,4,4,4,15,4,29,4,39,4,41,11,41,11
367,368,S Kaul,21,13,436,1,9,0,0,9,13,0,0,0,0,0,0,0,0,0,0,0,6,6,6,11,0,11,0,5,11,10,11,10,11
368,369,Sachin Baby,13,106,10,0,137,86,63,51,43,0,0,0,0,0,0,0,0,0,0,0,5,2,0,2,0,2,2,8,2,11,0,11,0
369,370,PV Tambe,33,39,674,1,18,2,4,16,35,0,0,0,0,0,0,0,0,0,0,0,5,3,5,16,5,26,13,30,0,17,0,17,0
370,371,NM Coulter-Nile,25,53,586,1,52,32,39,20,14,0,0,0,0,0,0,0,0,0,0,0,7,1,6,2,6,13,6,16,1,23,0,23,2
371,372,CJ Anderson,27,414,259,1,521,305,250,216,164,0,0,0,0,0,0,0,0,0,0,0,0,0,7,12,7,16,0,16,6,15,2,15,0
372,373,NJ Maddinson,3,21,0,0,20,0,0,20,21,0,0,0,0,0,0,0,0,0,0,0,0,0,2,2,2,3,0,3,0,1,0,1,0
373,374,AR Patel,60,494,1280,1,606,309,257,297,237,0,0,0,0,0,0,0,0,0,0,0,0,1,4,18,4,32,4,45,4,42,4,42,6
374,375,JJ Bumrah,47,27,1083,1,25,3,6,22,21,0,0,0,0,0,0,0,0,0,0,0,7,2,7,13,7,17,7,29,7,34,7,34,7
375,376,JDS Neesham,4,46,57,1,42,12,20,30,26,0,0,0,0,0,0,0,0,0,0,0,0,0,6,4,0,4,0,4,0,0,0,0,0
376,377,TG Southee,29,36,691,1,54,33,18,21,18,0,0,0,0,0,0,0,3,5,0,5,0,5,5,3,5,10,7,21,7,21,2,21,2
377,378,MA Starc,26,98,612,1,96,35,42,61,56,0,0,0,0,0,0,0,0,0,0,0,0,0,2,14,2,26,0,26,0,12,0,12,0
378,379,BR Dunk,4,36,0,0,40,15,14,25,22,0,0,0,0,0,0,0,0,0,0,0,0,0,7,4,0,4,0,4,0,0,0,0,0
379,380,RR Rossouw,6,51,0,0,53,1,4,52,47,0,0,0,0,0,0,0,0,0,0,0,0,0,2,4,2,6,0,6,0,2,0,2,0
380,381,Shivam Sharma,5,3,114,1,5,5,3,0,0,0,0,0,0,0,0,0,0,0,0,0,0,0,4,4,4,5,0,5,0,1,0,1,0
381,382,YS Chahal,55,29,1219,1,15,2,3,13,26,0,0,0,0,0,0,0,0,0,0,0,7,1,2,15,2,29,2,41,2,40,2,40,2
382,383,LMP Simmons,29,878,18,0,1079,663,551,416,327,0,0,0,0,0,0,0,0,0,0,0,0,0,7,8,7,21,7,22,7,21,0,21,0
383,384,VH Zol,2,26,0,0,29,29,26,0,0,0,0,0,0,0,0,0,0,0,0,0,0,0,2,2,0,2,0,2,0,0,0,0,0
384,385,BCJ Cutting,9,70,171,1,124,83,42,41,28,0,0,0,0,0,0,0,0,0,0,0,0,0,5,1,0,1,11,5,11,8,7,8,7
385,386,Imran Tahir,32,25,734,1,18,7,8,11,17,0,0,0,0,0,0,0,0,0,0,0,0,0,6,6,6,16,6,20,12,26,3,26,3
386,387,BE Hendricks,7,3,157,1,1,1,3,0,0,0,0,0,0,0,0,0,0,0,0,0,0,0,4,3,4,7,0,7,0,4,0,4,0
387,388,S Gopal,6,27,116,1,14,14,27,0,0,0,0,0,0,0,0,0,0,0,0,0,0,0,7,4,7,5,7,6,0,2,5,2,5
388,389,M de Lange,5,2,116,1,1,1,2,0,0,0,0,0,0,0,0,0,0,0,1,3,0,3,7,4,7,2,0,2,0,1,0,1,0
389,390,R Tewatia,7,24,128,1,35,19,11,16,13,0,0,0,0,0,0,0,0,0,0,0,0,0,5,3,5,4,0,4,4,4,6,4,6
390,391,JO Holder,11,32,228,1,38,32,24,6,8,0,0,0,0,0,0,0,0,0,0,0,3,6,11,7,0,7,1,5,0,4,0,4,0
391,392,Karanveer Singh,9,17,213,1,12,0,0,12,17,0,0,0,0,0,0,0,0,0,0,0,0,0,4,5,4,9,0,9,0,4,0,4,0
392,393,SS Iyer,32,655,0,0,807,384,318,423,337,0,0,0,0,0,0,0,0,0,0,0,0,0,0,0,6,14,6,20,6,32,6,32,6
393,394,DJ Hooda,36,277,201,0,373,173,131,200,146,0,0,0,0,0,0,0,0,0,0,0,0,0,0,0,5,12,11,28,11,36,11,36,11
394,395,Anureet Singh,19,43,406,1,33,8,4,25,39,0,0,0,1,2,0,2,0,2,0,0,0,0,0,0,4,14,4,16,4,17,5,17,0
395,396,KS Williamson,15,325,6,0,411,363,276,48,49,0,0,0,0,0,0,0,0,0,0,0,0,0,0,0,11,2,11,8,11,15,11,15,11
396,397,SA Abbott,2,13,32,1,15,14,9,1,4,0,0,0,0,0,0,0,0,0,0,0,0,0,0,0,2,2,0,2,0,2,0,2,0
397,398,J Suchith,14,33,253,1,48,10,8,38,25,0,0,0,0,0,0,0,0,0,0,0,0,0,0,0,7,13,7,14,0,14,0,14,0
398,399,RG More,2,2,37,1,2,2,2,0,0,0,0,0,0,0,0,0,0,0,0,0,0,0,0,0,3,2,0,2,0,2,0,2,0
399,400,HH Pandya,38,306,375,1,406,216,173,190,133,0,0,0,0,0,0,0,0,0,0,0,0,0,0,0,7,10,7,21,7,38,7,38,7
400,401,D Wiese,15,94,289,1,127,28,21,99,73,0,0,0,0,0,0,0,0,0,0,0,0,0,0,0,2,14,2,15,0,15,0,15,0
401,402,SN Khan,12,103,0,0,177,154,82,23,21,0,0,0,0,0,0,0,0,0,0,0,0,0,0,0,2,8,2,12,0,12,2,12,4
402,403,MJ McClenaghan,40,45,982,1,63,10,9,53,36,0,0,0,0,0,0,0,0,0,0,0,0,0,0,0,7,12,7,26,7,40,7,40,7
403,404,DJ Muthuswami,6,3,84,1,1,1,3,0,0,0,0,0,0,0,0,0,0,0,0,0,0,0,0,0,6,6,0,6,0,6,0,6,0
404,405,PJ Cummins,16,56,379,1,77,26,17,51,39,0,0,0,0,0,0,0,0,0,0,0,0,0,1,1,1,4,0,4,6,15,0,15,0
405,406,SN Thakur,13,9,259,1,7,7,9,0,0,0,0,0,0,0,0,0,0,0,0,0,0,0,0,0,4,1,0,1,12,13,3,13,3
406,407,JC Buttler,24,374,0,0,528,177,140,350,232,0,0,0,0,0,0,0,0,0,0,0,0,0,0,0,0,0,7,14,7,24,5,24,5
407,408,CR Brathwaite,10,56,181,1,95,61,26,34,30,0,0,0,0,0,0,0,0,0,0,0,0,0,0,0,0,0,6,8,6,10,11,10,1
408,409,MP Stoinis,12,136,209,1,163,129,111,34,25,0,0,0,0,0,0,0,0,0,0,0,0,0,0,0,0,0,4,7,4,12,4,12,2
409,410,Ishan Kishan,16,255,0,0,319,193,159,126,96,0,0,0,0,0,0,0,0,0,0,0,0,0,0,0,0,0,13,5,13,16,7,16,7
410,411,C Munro,4,31,12,0,30,14,14,16,17,0,0,0,0,0,0,0,0,0,0,0,0,0,0,0,0,0,1,4,0,4,6,4,6
411,412,P Sahu,5,13,107,1,19,19,13,0,0,0,0,0,0,0,0,0,0,0,0,0,0,0,0,0,0,0,4,5,0,5,0,5,0
412,413,KH Pandya,25,313,440,1,480,245,158,235,155,0,0,0,0,0,0,0,0,0,0,0,0,0,0,0,0,0,7,12,7,25,7,25,7
413,414,AD Nath,4,28,0,0,20,5,10,15,18,0,0,0,0,0,0,0,0,0,0,0,0,0,0,0,0,0,13,3,13,4,4,4,2
414,415,MJ Guptill,10,143,0,0,189,116,105,73,38,0,0,0,0,0,0,0,0,0,0,0,0,0,0,0,0,0,7,3,4,10,0,10,11
415,416,KJ Abbott,5,8,102,1,13,13,7,0,1,0,0,0,0,0,0,0,0,0,0,0,0,0,0,0,0,0,4,5,0,5,0,5,0
416,417,TM Head,10,151,48,0,205,167,115,38,36,0,0,0,0,0,0,0,0,0,0,0,0,0,0,0,0,0,2,3,2,10,0,10,0
417,418,M Ashwin,10,1,176,1,0,0,0,0,1,0,0,0,0,0,0,0,0,0,0,0,0,0,0,0,0,0,12,10,0,10,2,10,4
418,419,NS Naik,2,33,0,0,23,22,30,1,3,0,0,0,0,0,0,0,0,0,0,0,0,0,0,0,0,0,4,2,0,2,0,2,1
419,420,RR Pant,24,381,0,0,564,140,104,424,277,0,0,0,0,0,0,0,0,0,0,0,0,0,0,0,0,0,6,10,6,24,6,24,6
420,421,SW Billings,11,173,0,0,226,182,136,44,37,0,0,0,0,0,0,0,0,0,0,0,0,0,0,0,0,0,6,5,6,11,3,11,3
421,422,KC Cariappa,10,18,211,1,15,1,3,14,15,0,0,0,0,0,0,0,0,0,0,0,0,0,0,0,1,1,4,6,4,10,0,10,0
422,423,PSP Handscomb,1,12,0,0,6,6,12,0,0,0,0,0,0,0,0,0,0,0,0,0,0,0,0,0,0,0,12,1,0,1,0,1,0
423,424,Swapnil Singh,5,20,61,1,12,12,19,0,1,0,0,0,0,0,0,0,0,0,0,0,0,0,0,0,0,0,4,1,4,5,0,5,0
424,425,J Yadav,11,12,183,1,6,6,12,0,0,0,0,0,0,0,0,0,0,0,0,0,0,0,0,0,6,4,6,9,6,11,0,11,6
425,426,UT Khawaja,6,105,0,0,127,37,23,90,82,0,0,0,0,0,0,0,0,0,0,0,0,0,0,0,0,0,12,6,0,6,0,6,0
426,427,HM Amla,16,418,0,0,577,426,286,151,132,0,0,0,0,0,0,0,0,0,0,0,0,0,0,0,0,0,4,6,4,16,0,16,0
427,428,F Behardien,3,13,0,0,14,5,5,9,8,0,0,0,0,0,0,0,0,0,0,0,0,0,0,0,0,0,4,3,0,3,0,3,0
428,429,BB Sran,16,4,345,1,4,2,2,2,2,0,0,0,0,0,0,0,0,0,0,0,0,0,0,0,5,1,11,15,11,16,4,16,7
429,430,A Zampa,11,8,225,1,5,0,0,5,8,0,0,0,0,0,0,0,0,0,0,0,0,0,0,0,0,0,12,5,12,11,0,11,0
430,431,N Rana,17,355,6,0,437,146,117,291,238,0,0,0,0,0,0,0,0,0,0,0,0,0,0,0,0,0,7,4,7,17,1,17,1
431,432,S Kaushik,10,1,210,1,0,0,0,0,1,0,0,0,0,0,0,0,0,0,0,0,0,0,0,0,0,0,13,7,13,10,0,10,0
432,433,ER Dwivedi,3,15,0,0,24,24,15,0,0,0,0,0,0,0,0,0,0,0,0,0,0,0,0,0,0,0,13,3,0,3,0,3,0
433,434,CJ Jordan,10,5,188,1,3,0,1,3,4,0,0,0,0,0,0,0,0,0,0,0,0,0,0,0,0,0,2,9,11,10,11,10,0
434,435,P Amarnath,6,0,132,1,0,0,0,0,0,0,3,6,0,6,0,6,0,0,0,0,0,0,0,0,0,0,0,0,0,0,0,0,0
435,436,B Geeves,2,0,49,1,0,0,0,0,0,0,6,2,0,2,0,2,0,0,0,0,0,0,0,0,0,0,0,0,0,0,0,0,0
436,437,Gagandeep Singh,4,0,84,1,0,0,0,0,0,0,4,4,0,4,0,4,0,0,0,0,0,0,0,0,0,0,0,0,0,0,0,0,0
437,438,A Nel,1,0,18,1,0,0,0,0,0,0,7,1,0,1,0,1,0,0,0,0,0,0,0,0,0,0,0,0,0,0,0,0,0
438,439,AM Salvi,7,0,156,1,0,0,0,0,0,0,0,0,6,5,0,5,6,7,0,2,0,2,0,0,0,0,0,0,0,0,0,0,0
439,440,RR Bose,1,0,12,1,0,0,0,0,0,0,0,0,4,1,0,1,0,1,0,0,0,0,0,0,0,0,0,0,0,0,0,0,0
440,441,SS Sarkar,2,0,25,1,0,0,0,0,0,0,0,0,1,2,0,2,0,2,0,0,0,0,0,0,0,0,0,0,0,0,0,0,0
441,442,RA Shaikh,1,0,6,1,0,0,0,0,0,0,0,0,7,1,0,1,0,1,0,0,0,0,0,0,0,0,0,0,0,0,0,0,0
442,443,C Ganapathy,1,0,6,1,0,0,0,0,0,0,0,0,0,0,3,1,0,1,0,1,0,0,0,0,0,0,0,0,0,0,0,0,0
443,444,MB Parmar,1,0,19,1,0,0,0,0,0,0,0,0,0,0,1,1,0,1,0,1,0,0,0,0,0,0,0,0,0,0,0,0,0
444,445,AA Kazi,1,0,13,1,0,0,0,0,0,0,0,0,0,0,0,0,2,1,0,1,0,1,0,0,0,0,0,0,0,0,0,0,0
445,446,Anand Rajan,8,0,162,1,0,0,0,0,0,0,0,0,0,0,0,0,8,2,8,6,11,8,0,6,0,2,0,0,0,0,0,0,0
446,447,P Prasanth,1,0,6,1,0,0,0,0,0,0,0,0,0,0,0,0,9,1,0,1,0,1,0,0,0,0,0,0,0,0,0,0,0
447,448,SS Mundhe,1,0,7,1,0,0,0,0,0,0,0,0,0,0,0,0,10,1,0,1,0,1,0,0,0,0,0,0,0,0,0,0,1
448,449,RW Price,1,0,18,1,0,0,0,0,0,0,0,0,0,0,0,0,7,1,0,1,0,1,0,0,0,0,0,0,0,0,0,0,0
449,450,TP Sudhindra,3,0,74,1,0,0,0,0,0,0,0,0,0,0,0,0,0,0,8,3,0,3,0,3,0,0,0,0,0,0,0,0,0
450,451,BW Hilfenhaus,17,0,390,1,0,0,0,0,0,0,0,0,0,0,0,0,0,0,3,9,0,9,3,17,0,8,0,8,0,0,0,0,0
451,452,S Badree,12,25,263,1,13,3,3,10,22,0,0,0,0,0,0,0,0,0,0,0,5,1,3,5,0,5,0,4,2,7,0,7,0
452,453,P Suyal,5,0,107,1,0,0,0,0,0,0,0,0,0,0,0,0,0,0,0,0,7,1,7,2,7,5,0,4,0,3,0,3,0
453,454,MG Neser,1,0,25,1,0,0,0,0,0,0,0,0,0,0,0,0,0,0,0,0,4,1,0,1,0,1,0,0,0,0,0,0,0
454,455,V Shankar,7,77,6,0,101,23,20,78,57,0,0,0,0,0,0,0,0,0,0,0,0,0,3,1,0,1,0,3,11,6,6,6,11
455,456,K Santokie,2,0,51,1,0,0,0,0,0,0,0,0,0,0,0,0,0,0,0,0,0,0,7,2,0,2,0,2,0,0,0,0,0
456,457,JW Hastings,3,0,61,1,0,0,0,0,0,0,0,0,0,0,0,0,0,0,0,0,0,0,3,1,0,1,1,3,0,2,0,2,0
457,458,TA Boult,14,8,355,1,5,0,0,5,8,0,0,0,0,0,0,0,0,0,0,0,0,0,0,0,11,7,11,8,1,14,6,14,6
458,459,GS Sandhu,2,0,48,1,0,0,0,0,0,0,0,0,0,0,0,0,0,0,0,0,0,0,0,0,6,2,0,2,0,2,0,2,0
459,460,Mustafizur Rahman,17,0,393,1,0,0,0,0,0,0,0,0,0,0,0,0,0,0,0,0,0,0,0,0,0,0,11,16,11,17,7,17,0
460,461,AF Milne,5,12,115,1,7,0,1,7,11,0,0,0,0,0,0,0,0,0,0,0,0,0,0,0,0,0,2,1,2,5,0,5,7
461,462,Kuldeep Yadav,15,22,324,1,20,4,7,16,15,0,0,0,0,0,0,0,0,0,0,0,0,0,0,0,0,0,1,3,1,15,1,15,1
462,463,T Shamsi,4,0,96,1,0,0,0,0,0,0,0,0,0,0,0,0,0,0,0,0,0,0,0,0,0,0,2,4,0,4,0,4,0
463,464,SM Boland,2,0,43,1,0,0,0,0,0,0,0,0,0,0,0,0,0,0,0,0,0,0,0,0,0,0,12,2,0,2,0,2,0
464,465,DL Chahar,5,6,77,1,14,0,0,14,6,0,0,0,0,0,0,0,0,0,0,0,0,0,0,0,0,0,12,2,12,5,3,5,3
465,468,KH Devdhar,1,0,0,0,0,0,0,0,0,0,0,0,0,0,0,0,0,1,0,1,0,1,0,0,0,0,0,0,0,0,0,0,0
466,469,T Mishra,1,0,0,0,0,0,0,0,0,0,0,0,0,0,0,0,0,0,0,1,0,1,0,1,0,0,0,0,0,0,0,0,0
467,470,A Choudhary,5,20,108,1,25,15,12,10,8,0,0,0,0,0,0,0,0,0,0,0,0,0,0,0,0,0,0,0,2,5,0,5,0
468,471,AJ Tye,6,30,128,1,53,25,12,28,18,0,0,0,0,0,0,0,0,0,0,0,0,0,0,0,0,0,0,0,13,6,4,6,4
469,472,Ankit Soni,6,9,112,1,7,7,9,0,0,0,0,0,0,0,0,0,0,0,0,0,0,0,0,0,0,0,0,0,13,6,0,6,0
470,473,AR Bawne,1,12,0,0,12,12,12,0,0,0,0,0,0,0,0,0,0,0,0,0,0,0,0,0,0,0,0,0,6,1,0,1,0
471,474,Avesh Khan,1,0,24,1,0,0,0,0,0,0,0,0,0,0,0,0,0,0,0,0,0,0,0,0,0,0,0,0,2,1,6,1,6
472,475,B Stanlake,2,0,50,1,0,0,0,0,0,0,0,0,0,0,0,0,0,0,0,0,0,0,0,0,0,0,0,0,2,2,11,2,11
473,476,BA Stokes,12,227,274,1,316,133,93,183,134,0,0,0,0,0,0,0,0,0,0,0,0,0,0,0,0,0,0,0,12,12,5,12,5
474,477,Basil Thampi,12,30,278,1,28,17,17,11,13,0,0,0,0,0,0,0,0,0,0,0,0,0,0,0,0,0,0,0,13,12,11,12,11
475,478,C de Grandhomme,12,92,102,1,126,36,24,90,68,0,0,0,0,0,0,0,0,0,0,0,0,0,0,0,0,0,0,0,1,12,2,12,2
476,479,CR Woakes,13,47,278,1,46,29,33,17,14,0,0,0,0,0,0,0,0,0,0,0,0,0,0,0,0,0,0,0,1,13,2,13,0
477,480,DM Bravo,1,5,0,0,6,0,0,6,5,0,0,0,0,0,0,0,0,0,0,0,0,0,0,0,0,0,0,0,1,1,0,1,0
478,481,JJ Roy,3,41,0,0,59,59,41,0,0,0,0,0,0,0,0,0,0,0,0,0,0,0,0,0,0,0,0,0,13,3,6,3,0
479,482,K Rabada,6,68,137,1,55,11,21,44,47,0,0,0,0,0,0,0,0,0,0,0,0,0,0,0,0,0,0,0,6,6,0,6,6
480,483,LH Ferguson,4,1,87,1,1,1,1,0,0,0,0,0,0,0,0,0,0,0,0,0,0,0,0,0,0,0,0,0,12,4,0,4,0
481,484,MJ Henry,2,0,31,1,0,0,0,0,0,0,0,0,0,0,0,0,0,0,0,0,0,0,0,0,0,0,0,0,4,2,0,2,0
482,485,Mohammad Nabi,3,3,66,1,2,2,3,0,0,0,0,0,0,0,0,0,0,0,0,0,0,0,0,0,0,0,0,0,11,3,11,3,11
483,486,Mohammed Siraj,6,0,141,1,0,0,0,0,0,0,0,0,0,0,0,0,0,0,0,0,0,0,0,0,0,0,0,0,11,6,2,6,2
484,487,NB Singh,2,0,25,1,0,0,0,0,0,0,0,0,0,0,0,0,0,0,0,0,0,0,0,0,0,0,0,0,13,2,0,2,6
485,488,RA Tripathi,14,275,6,0,391,185,132,206,143,0,0,0,0,0,0,0,0,0,0,0,0,0,0,0,0,0,0,0,12,14,5,14,5
486,489,Rashid Khan,14,9,328,1,11,8,5,3,4,0,0,0,0,0,0,0,0,0,0,0,0,0,0,0,0,0,0,0,11,14,11,14,11
487,490,RD Chahar,2,2,46,1,3,3,2,0,0,0,0,0,0,0,0,0,0,0,0,0,0,0,0,0,0,0,0,0,12,2,0,2,7
488,491,SP Jackson,3,31,0,0,38,10,9,28,22,0,0,0,0,0,0,0,0,0,0,0,0,0,0,0,0,0,0,0,1,3,0,3,0
489,492,SS Agarwal,1,0,24,1,0,0,0,0,0,0,0,0,0,0,0,0,0,0,0,0,0,0,0,0,0,0,0,0,13,1,0,1,0
490,493,T Natarajan,6,0,82,1,0,0,0,0,0,0,0,0,0,0,0,0,0,0,0,0,0,0,0,0,0,0,0,0,4,6,0,6,11
491,494,Tejas Baroka,1,0,21,1,0,0,0,0,0,0,0,0,0,0,0,0,0,0,0,0,0,0,0,0,0,0,0,0,13,1,0,1,0
492,495,TS Mills,5,11,111,1,8,0,3,8,8,0,0,0,0,0,0,0,0,0,0,0,0,0,0,0,0,0,0,0,2,5,0,5,0
493,496,Vishnu Vinod,3,26,0,0,19,19,26,0,0,0,0,0,0,0,0,0,0,0,0,0,0,0,0,0,0,0,0,0,2,3,0,3,0
494,497,Washington Sundar,10,12,182,1,9,3,5,6,7,0,0,0,0,0,0,0,0,0,0,0,0,0,0,0,0,0,0,0,12,10,2,10,2
495,498,L Ngidi,0,0,0,0,0,0,0,0,0,0,0,0,0,0,0,0,0,0,0,0,0,0,0,0,0,0,0,0,0,0,3,0,3
496,499,Mujeeb Ur Rahman,0,0,0,0,0,0,0,0,0,0,0,0,0,0,0,0,0,0,0,0,0,0,0,0,0,0,0,0,0,0,4,0,4
497,500,Shubman Gill,0,0,0,0,0,0,0,0,0,0,0,0,0,0,0,0,0,0,0,0,0,0,0,0,0,0,0,0,0,0,1,0,1
498,501,S Lamichhane,0,0,0,0,0,0,0,0,0,0,0,0,0,0,0,0,0,0,0,0,0,0,0,0,0,0,0,0,0,0,6,0,6
499,502,Abhishek Sharma,0,0,0,0,0,0,0,0,0,0,0,0,0,0,0,0,0,0,0,0,0,0,0,0,0,0,0,0,0,0,6,0,0
500,503,PP Shaw,0,0,0,0,0,0,0,0,0,0,0,0,0,0,0,0,0,0,0,0,0,0,0,0,0,0,0,0,0,0,6,0,6
501,504,E Lewis,0,0,0,0,0,0,0,0,0,0,0,0,0,0,0,0,0,0,0,0,0,0,0,0,0,0,0,0,0,0,7,0,7
502,505,M Prasidh Krishna,0,0,0,0,0,0,0,0,0,0,0,0,0,0,0,0,0,0,0,0,0,0,0,0,0,0,0,0,0,0,1,0,1
503,506,M Markande,0,0,0,0,0,0,0,0,0,0,0,0,0,0,0,0,0,0,0,0,0,0,0,0,0,0,0,0,0,0,7,0,7
504,507,KM Asif,0,0,0,0,0,0,0,0,0,0,0,0,0,0,0,0,0,0,0,0,0,0,0,0,0,0,0,0,0,0,3,0,0
505,508,TK Curran,0,0,0,0,0,0,0,0,0,0,0,0,0,0,0,0,0,0,0,0,0,0,0,0,0,0,0,0,0,0,1,0,0
506,509,DJM Short,0,0,0,0,0,0,0,0,0,0,0,0,0,0,0,0,0,0,0,0,0,0,0,0,0,0,0,0,0,0,5,0,0
507,510,AD Hales,0,0,0,0,0,0,0,0,0,0,0,0,0,0,0,0,0,0,0,0,0,0,0,0,0,0,0,0,0,0,11,0,0
508,511,P Chopra,0,0,0,0,0,0,0,0,0,0,0,0,0,0,0,0,0,0,0,0,0,0,0,0,0,0,0,0,0,0,5,0,5
509,512,DR Shorey,0,0,0,0,0,0,0,0,0,0,0,0,0,0,0,0,0,0,0,0,0,0,0,0,0,0,0,0,0,0,3,0,3
510,513,JC Archer,0,0,0,0,0,0,0,0,0,0,0,0,0,0,0,0,0,0,0,0,0,0,0,0,0,0,0,0,0,0,5,0,5
511,514,IS Sodhi,0,0,0,0,0,0,0,0,0,0,0,0,0,0,0,0,0,0,0,0,0,0,0,0,0,0,0,0,0,0,5,0,5
512,515,H Klaasen,0,0,0,0,0,0,0,0,0,0,0,0,0,0,0,0,0,0,0,0,0,0,0,0,0,0,0,0,0,0,5,0,2
513,516,RK Bhui,0,0,0,0,0,0,0,0,0,0,0,0,0,0,0,0,0,0,0,0,0,0,0,0,0,0,0,0,0,0,11,0,11
514,517,CJ Dala,0,0,0,0,0,0,0,0,0,0,0,0,0,0,0,0,0,0,0,0,0,0,0,0,0,0,0,0,0,0,6,0,0
515,518,MK Lomror,0,0,0,0,0,0,0,0,0,0,0,0,0,0,0,0,0,0,0,0,0,0,0,0,0,0,0,0,0,0,5,0,5
516,519,KK Ahmed,0,0,0,0,0,0,0,0,0,0,0,0,0,0,0,0,0,0,0,0,0,0,0,0,0,0,0,0,0,0,11,0,11
517,520,DJ Willey,0,0,0,0,0,0,0,0,0,0,0,0,0,0,0,0,0,0,0,0,0,0,0,0,0,0,0,0,0,0,3,0,3
518,521,A Dananjaya,0,0,0,0,0,0,0,0,0,0,0,0,0,0,0,0,0,0,0,0,0,0,0,0,0,0,0,0,0,0,7,0,0
519,522,MM Ali,0,0,0,0,0,0,0,0,0,0,0,0,0,0,0,0,0,0,0,0,0,0,0,0,0,0,0,0,0,0,2,0,2
520,523,K Khejroliya,0,0,0,0,0,0,0,0,0,0,0,0,0,0,0,0,0,0,0,0,0,0,0,0,0,0,0,0,0,0,2,0,2
521,524,JPR Scantlebury-Sear,0,0,0,0,0,0,0,0,0,0,0,0,0,0,0,0,0,0,0,0,0,0,0,0,0,0,0,0,0,0,1,0,0
522,525,MA Wood,0,0,0,0,0,0,0,0,0,0,0,0,0,0,0,0,0,0,0,0,0,0,0,0,0,0,0,0,0,0,3,0,0
523,526,RK Singh,0,0,0,0,0,0,0,0,0,0,0,0,0,0,0,0,0,0,0,0,0,0,0,0,0,0,0,0,0,0,1,0,1
524,527,K Gowtham,0,0,0,0,0,0,0,0,0,0,0,0,0,0,0,0,0,0,0,0,0,0,0,0,0,0,0,0,0,0,5,0,5
525,528,LE Plunkett,0,0,0,0,0,0,0,0,0,0,0,0,0,0,0,0,0,0,0,0,0,0,0,0,0,0,0,0,0,0,6,0,0
526,529,Shivam Mavi,0,0,0,0,0,0,0,0,0,0,0,0,0,0,0,0,0,0,0,0,0,0,0,0,0,0,0,0,0,0,1,0,1
